paragraph_id,article_id,heading,text
AIB_0000_0001,AIB_0000,–ß—Ç–æ —Ç–∞–∫–æ–µ –∏–Ω–≤–µ—Å—Ç–∏—Ü–∏–∏?,"–î–µ–Ω—å–≥–∏ –Ω—É–∂–Ω—ã, —á—Ç–æ–±—ã –∏—Ö —Ç—Ä–∞—Ç–∏—Ç—å. –≠—Ç–æ –ø–æ–Ω—è—Ç–Ω–æ. –ù–æ –≤–¥—Ä—É–≥ –≤—ã –∫–æ–ø–∏—Ç–µ –Ω–∞ —á—Ç–æ-—Ç–æ –≤–∞–∂–Ω–æ–µ? –ò–ª–∏ —Ç—Ä–∞—Ç–∏—Ç–µ –º–µ–Ω—å—à–µ, —á–µ–º –∑–∞—Ä–∞–±–∞—Ç—ã–≤–∞–µ—Ç–µ? –ß—Ç–æ —Ç–æ–≥–¥–∞ –ø—Ä–æ–∏—Å—Ö–æ–¥–∏—Ç —Å –≤–∞—à–∏–º–∏ –Ω–µ–ø–æ—Ç—Ä–∞—á–µ–Ω–Ω—ã–º–∏ –¥–µ–Ω—å–≥–∞–º–∏? –û–Ω–∏ –æ–±–µ—Å—Ü–µ–Ω–∏–≤–∞—é—Ç—Å—è.
–£ –¥–µ–Ω–µ–≥ –µ—Å—Ç—å —Å–∫—Ä—ã—Ç—ã–π –≤—Ä–∞–≥ ‚Äî –∏–Ω—Ñ–ª—è—Ü–∏—è.
**–ò–Ω—Ñ–ª—è—Ü–∏—è** ‚Äî —ç—Ç–æ —Ä–æ—Å—Ç —Ü–µ–Ω –Ω–∞ —Ç–æ–≤–∞—Ä—ã. –ò–∑-–∑–∞ –Ω–µ–≥–æ —Å –∫–∞–∂–¥—ã–º –≥–æ–¥–æ–º –Ω–∞ –æ–¥–Ω—É –∏ —Ç—É –∂–µ —Å—É–º–º—É –º–æ–∂–Ω–æ –∫—É–ø–∏—Ç—å –≤—Å—ë –º–µ–Ω—å—à–µ —Ç–æ–≤–∞—Ä–æ–≤ –∏ —É—Å–ª—É–≥. –¢–æ –µ—Å—Ç—å —Ä–µ–∞–ª—å–Ω–∞—è —Å—Ç–æ–∏–º–æ—Å—Ç—å –¥–µ–Ω–µ–≥ —Å–æ –≤—Ä–µ–º–µ–Ω–µ–º –ø–∞–¥–∞–µ—Ç.
–ò–Ω—Ñ–ª—è—Ü–∏—è –µ—Å—Ç—å –≤ –∫–∞–∂–¥–æ–π —Å—Ç—Ä–∞–Ω–µ –∏ –æ–Ω–∞ –ø–æ—Å—Ç–æ—è–Ω–Ω–æ –º–µ–Ω—è–µ—Ç—Å—è.
–ü–æ—Å–º–æ—Ç—Ä–∏—Ç–µ, —á—Ç–æ —Å—Ç–∞–ª–æ –±—ã —Å –¥–µ–Ω—å–≥–∞–º–∏, –∫–æ—Ç–æ—Ä—ã–µ –≤—ã –≤ 2010 –≥–æ–¥—É —Ä–µ—à–∏–ª–∏ —Å–æ—Ö—Ä–∞–Ω–∏—Ç—å –Ω–∞ –±—É–¥—É—â–µ–µ –∏ –≤—ã–±–∏—Ä–∞–ª–∏ –±—ã –∏–∑ —Ç–∞–∫–∏—Ö –≤–∞—Ä–∏–∞–Ω—Ç–æ–≤:
- –•—Ä–∞–Ω–∏—Ç—å 50 000 —Ä—É–±–ª–µ–π –¥–æ–º–∞ (—ç—Ç–æ –Ω–∞–¥—ë–∂–Ω–µ–µ –≤—Å–µ–≥–æ, –¥–µ–Ω—å–≥–∏ –≤—Å–µ–≥–¥–∞ –ø—Ä–∏ –º–Ω–µ).
- –ü–æ–ª–æ–∂–∏—Ç—å 50 000 —Ä—É–±–ª–µ–π –Ω–∞ –¥–µ–ø–æ–∑–∏—Ç –≤ –±–∞–Ω–∫ –ø–æ–¥ 4,5% –≥–æ–¥–æ–≤—ã—Ö (–≤–∫–ª–∞–¥ –∑–∞—Å—Ç—Ä–∞—Ö–æ–≤–∞–Ω, –∞ –¥–µ–Ω—å–≥–∏ –ø—Ä–∏–Ω–æ—Å—è—Ç –¥–æ—Ö–æ–¥).
- –ö—É–ø–∏—Ç—å –Ω–∞ 50 000 —Ä—É–±–ª–µ–π –∞–∫—Ü–∏–∏ (–Ω–∞–ø—Ä–∏–º–µ—Ä, –õ—É–∫–æ–π–ª–∞: –∫–æ–º–ø–∞–Ω–∏—è –±–æ–ª—å—à–∞—è, –∏ –±–µ–Ω–∑–∏–Ω —É –Ω–µ—ë —Ö–æ—Ä–æ—à–∏–π).
–ß—Ç–æ –±—ã –≤—ã –Ω–∏ –≤—ã–±—Ä–∞–ª–∏, –∏–Ω—Ñ–ª—è—Ü–∏—è –±—É–¥–µ—Ç –æ–±–µ—Å—Ü–µ–Ω–∏—Ç—å –≤–∞—à–∏ —Å–±–µ—Ä–µ–∂–µ–Ω–∏—è. –ì–ª–∞–≤–Ω—ã–π –≤–æ–ø—Ä–æ—Å ‚Äî –Ω–∞—Å–∫–æ–ª—å–∫–æ —É –Ω–µ—ë —ç—Ç–æ –ø–æ–ª—É—á–∏—Ç—Å—è.
–ó–∞ –ø–æ—Å–ª–µ–¥–Ω–∏–µ 11 –ª–µ—Ç –∏–Ω—Ñ–ª—è—Ü–∏—è –≤ –†–æ—Å—Å–∏–∏ —Å–æ—Å—Ç–∞–≤–∏–ª–∞ 101,83% (—ç—Ç–æ –¥–∞–Ω–Ω—ã–µ –†–æ—Å—Å—Ç–∞—Ç–∞ —Å —è–Ω–≤–∞—Ä—è 2010 –¥–æ —è–Ω–≤–∞—Ä—è 2021). –ê –∑–Ω–∞—á–∏—Ç –º—ã –º–æ–∂–µ–º –ø—Ä–æ—Å–ª–µ–¥–∏—Ç—å —Å—É–¥—å–±—É –æ—Ç–ª–æ–∂–µ–Ω–Ω—ã—Ö –≤ 2010 –≥–æ–¥—É 50 000 —Ä—É–±–ª–µ–π."
AIB_0000_0002,AIB_0000,## **–ß—Ç–æ —ç—Ç–æ –∑–∞ —á–∏—Å–ª–∞ –∏ –ø–æ—á–µ–º—É –≤–¥—Ä—É–≥ —Ç–∞–∫–æ–π —Ä–µ–∑—É–ª—å—Ç–∞—Ç?**,"üîê **–•—Ä–∞–Ω–∏–ª–∏ –¥–æ–º–∞** –ù–µ—Å–º–æ—Ç—Ä—è –Ω–∞ —Ç–æ, —á—Ç–æ –¥–µ–Ω—å–≥–∏ –≤—ã –Ω–µ —Ç—Ä–∞—Ç–∏–ª–∏, –æ–Ω–∏ –æ–±–µ—Å—Ü–µ–Ω–∏–ª–∏—Å—å ‚Äî –∏—Ö —Ä–µ–∞–ª—å–Ω–∞—è —Å—Ç–æ–∏–º–æ—Å—Ç—å –∏–∑-–∑–∞ –∏–Ω—Ñ–ª—è—Ü–∏–∏ —É–º–µ–Ω—å—à–∏–ª–∞—Å—å –≤–¥–≤–æ–µ. –¢–æ, —á—Ç–æ –≤—ã –º–æ–≥–ª–∏ –∫—É–ø–∏—Ç—å –≤ 2010 –≥–æ–¥—É –Ω–∞ 50 000 —Ä—É–±–ª–µ–π, —Ç–µ–ø–µ—Ä—å —É–∂–µ –Ω–µ –∫—É–ø–∏—à—å. –í —Ä–µ–∞–ª—å–Ω–æ—Å—Ç–∏ –≤—ã —Å–æ—Ö—Ä–∞–Ω–∏–ª–∏ —Ç–æ–ª—å–∫–æ 24 773 —Ä—É–±–ª–µ–π.
üè¶ **–ü–æ–ª–æ–∂–∏–ª–∏ –Ω–∞ –¥–µ–ø–æ–∑–∏—Ç** –ö –≤–∞—à–µ–π —Å—É–º–º–µ –∑–∞ —ç—Ç–∏ –≥–æ–¥—ã –¥–æ–±–∞–≤–∏–ª–æ—Å—å 31 142 —Ä—É–±–ª–µ–π –¥–æ—Ö–æ–¥–∞ –ø–æ –ø—Ä–æ—Ü–µ–Ω—Ç–∞–º. –ù–æ –∏–∑-–∑–∞ –∏–Ω—Ñ–ª—è—Ü–∏–∏, —Å—ä–µ–≤—à–µ–π –∑–∞ 11 –ª–µ—Ç –ø–æ–ª–æ–≤–∏–Ω—É –≤–∞—à–µ–≥–æ —Å—Ç–∞—Ä—Ç–æ–≤–æ–≥–æ –≤–∑–Ω–æ—Å–∞, —Ä–µ–∞–ª—å–Ω—ã–π –¥–æ—Ö–æ–¥ ‚Äî –≤—Å–µ–≥–æ 5915 —Ä—É–±–ª—è.
üìÉ **–ö—É–ø–∏–ª–∏ –∞–∫—Ü–∏–∏ –õ—É–∫–æ–π–ª–∞** –í–∞—à–∏ –≤–ª–æ–∂–µ–Ω–Ω—ã–µ 50 000 —Ä—É–±–ª–µ–π —Ç–∞–∫ –∂–µ –æ–±–µ—Å—Ü–µ–Ω–∏–ª–∏—Å—å –∑–∞ —ç—Ç–∏ –≥–æ–¥—ã. –ù–æ —Ä–æ—Å—Ç —Å—Ç–æ–∏–º–æ—Å—Ç–∏ –∞–∫—Ü–∏–π –ø–µ—Ä–µ–∫—Ä—ã–ª —ç—Ç–∏ –ø–æ—Ç–µ—Ä–∏, –∏ –≤—ã –Ω–µ –ø—Ä–æ—Å—Ç–æ –∑–∞—â–∏—Ç–∏–ª–∏ –¥–µ–Ω—å–≥–∏ –æ—Ç –∏–Ω—Ñ–ª—è—Ü–∏–∏, –∞ –ø–æ–ª—É—á–∏–ª–∏ —Ä–µ–∞–ª—å–Ω—É—é –∏ —Ö–æ—Ä–æ—à—É—é –ø—Ä–∏–±—ã–ª—å. –ü–æ—á–µ–º—É —Ç–∞–∫? –ò–∑-–∑–∞ —Ä–æ—Å—Ç–∞ —Ü–µ–Ω –Ω–∞ —Ç–æ–≤–∞—Ä—ã –∫–æ–º–ø–∞–Ω–∏–∏ –∑–∞—Ä–∞–±–∞—Ç—ã–≤–∞—é—Ç –≤—Å—ë –±–æ–ª—å—à–µ, –∏ –æ—Ç —ç—Ç–æ–≥–æ –∏—Ö –∞–∫—Ü–∏–∏ –¥–æ—Ä–æ–∂–∞—é—Ç.
–ù–µ—Å–º–æ—Ç—Ä—è –Ω–∞ —Ç–æ, —á—Ç–æ –∏–Ω—Ñ–ª—è—Ü–∏—è –¥–ª—è —ç–∫–æ–Ω–æ–º–∏–∫–∏ ‚Äî –Ω–æ—Ä–º–∞–ª—å–Ω–æ–µ —è–≤–ª–µ–Ω–∏–µ, –æ–±—ã—á–Ω–æ–º—É —á–µ–ª–æ–≤–µ–∫—É –æ–Ω–∞ –º–µ—à–∞–µ—Ç –∫–æ–ø–∏—Ç—å –∏ –æ–±–µ—Å—Ü–µ–Ω–∏–≤–∞–µ—Ç –µ–≥–æ –¥–µ–Ω—å–≥–∏.
–ë–∏–∑–Ω–µ—Å—É –∏–Ω—Ñ–ª—è—Ü–∏—è, –Ω–∞–æ–±–æ—Ä–æ—Ç, –ø–æ–º–æ–≥–∞–µ—Ç –±–æ–ª—å—à–µ –∑–∞—Ä–∞–±–∞—Ç—ã–≤–∞—Ç—å. –ü–æ—ç—Ç–æ–º—É —Å –ø–æ–º–æ—â—å—é –∏–Ω–≤–µ—Å—Ç–∏—Ü–∏–π –≤ –±–∏–∑–Ω–µ—Å –º–æ–∂–Ω–æ –æ–±–æ–≥–Ω–∞—Ç—å –∏–Ω—Ñ–ª—è—Ü–∏—é –∏ –ø–æ–ª—É—á–∏—Ç—å –¥–æ—Ö–æ–¥ ‚Äî –µ—Å–ª–∏ –ø—Ä–∞–≤–∏–ª—å–Ω–æ –ø–æ–¥–æ–±—Ä–∞—Ç—å –∏–Ω—Å—Ç—Ä—É–º–µ–Ω—Ç—ã."
AIB_0001_0003,AIB_0001,–ì–¥–µ –∏ –≤–æ —á—Ç–æ –º–æ–∂–Ω–æ –∏–Ω–≤–µ—Å—Ç–∏—Ä–æ–≤–∞—Ç—å?,"–ü–ª–æ—â–∞–¥–∫–∞, –≥–¥–µ –∏–¥—ë—Ç —Ç–æ—Ä–≥–æ–≤–ª—è —Ü–µ–Ω–Ω—ã–º–∏ –±—É–º–∞–≥–∞–º–∏ ‚Äî –∏—Ö –ø—Ä–æ–¥–∞–∂–∞ –∏ –ø–æ–∫—É–ø–∫–∞ ‚Äî –Ω–∞–∑—ã–≤–∞–µ—Ç—Å—è –±–∏—Ä–∂–∞. –ü–æ —Å—É—Ç–∏ –±–∏—Ä–∂–∞ —Ä–∞–±–æ—Ç–∞–µ—Ç –∫–∞–∫ –æ–±—ã—á–Ω—ã–π —Ä—ã–Ω–æ–∫, –≥–¥–µ —Ü–µ–Ω—ã –∑–∞–≤–∏—Å—è—Ç –æ—Ç —Å–ø—Ä–æ—Å–∞ –∏ –ø—Ä–µ–¥–ª–æ–∂–µ–Ω–∏—è, –∞ –ø—Ä–æ–¥–∞–≤—Ü—ã –∏ –ø–æ–∫—É–ø–∞—Ç–µ–ª–∏ –∏—â—É—Ç —Å–≤–æ—é –≤—ã–≥–æ–¥—É.
–ö–æ–≥–¥–∞-—Ç–æ —Ü–µ–Ω–Ω—ã–µ –±—É–º–∞–≥–∏ –±—ã–ª–∏ –Ω–∞—Å—Ç–æ—è—â–∏–º–∏ –±—É–º–∞–∂–Ω—ã–º–∏ –¥–æ–∫—É–º–µ–Ω—Ç–∞–º–∏, –∏—Ö –ø–µ—Ä–µ–¥–∞–≤–∞–ª–∏ –∏–∑ —Ä—É–∫ –≤ —Ä—É–∫–∏ –Ω–∞ –±–∏—Ä–∂–∞—Ö. –ê –±–∏—Ä–∂–∞ –¥–æ 1986 –≥–æ–¥–∞ –±—ã–ª–∞ –Ω–µ —ç–ª–µ–∫—Ç—Ä–æ–Ω–Ω–æ–π –ø–ª–æ—â–∞–¥–∫–æ–π, –∞ –º–µ—Å—Ç–æ–º —Å–±–æ—Ä–∞ —Ñ–∏–Ω–∞–Ω—Å–∏—Å—Ç–æ–≤-–±—Ä–æ–∫–µ—Ä–æ–≤. –¢–∞–º –æ–Ω–∏ –≤—ã–∫—Ä–∏–∫–∏–≤–∞–ª–∏ –ø—Ä–µ–¥–ª–æ–∂–µ–Ω–∏—è –∫—É–ø–∏—Ç—å –∏–ª–∏ –ø—Ä–æ–¥–∞—Ç—å –±—É–º–∞–≥—É –∏–ª–∏ –ø–∞—Ä—Ç–∏—é —Ç–æ–≤–∞—Ä–∞ –∏ –∑–∞–∫–ª—é—á–∞–ª–∏ —Å–¥–µ–ª–∫–∏. –¢—Ä–∞–¥–∏—Ü–∏—è –¥–æ —Å–∏—Ö –ø–æ—Ä —Å–æ—Ö—Ä–∞–Ω–∏–ª–∞—Å—å –Ω–∞ –ß–∏–∫–∞–≥—Å–∫–æ–π —Ç–æ–≤–∞—Ä–Ω–æ–π –±–∏—Ä–∂–µ, –æ–¥–Ω–∞–∫–æ –±–æ–ª—å—à–∏–Ω—Å—Ç–≤–æ —Ç–æ—Ä–≥–æ–≤ –∏ —Ç–∞–º –ø—Ä–æ—Ö–æ–¥—è—Ç –≤ —ç–ª–µ–∫—Ç—Ä–æ–Ω–Ω–æ–º —Ñ–æ—Ä–º–∞—Ç–µ.
–ë–∏—Ä–∂–∏ –µ—Å—Ç—å –ø—Ä–∞–∫—Ç–∏—á–µ—Å–∫–∏ –≤ –∫–∞–∂–¥–æ–π —Å—Ç—Ä–∞–Ω–µ: –Ω–∞–ø—Ä–∏–º–µ—Ä –≤ –°–®–ê ‚Äî The New York Stock Exchange (NYSE) –∏ –±–∏—Ä–∂–∞ NASDAQ, –≥–¥–µ —Ç–æ—Ä–≥—É—é—Ç—Å—è –≤ –æ—Å–Ω–æ–≤–Ω–æ–º –∞–∫—Ü–∏–∏ –≤—ã—Å–æ–∫–æ—Ç–µ—Ö–Ω–æ–ª–æ–≥–∏—á–Ω—ã—Ö –∫–æ–º–ø–∞–Ω–∏–π. –í –í–µ–ª–∏–∫–æ–±—Ä–∏—Ç–∞–Ω–∏–∏ –æ—Å–Ω–æ–≤–Ω–∞—è –±–∏—Ä–∂–∞ London Stock Exchange (LSE). –í –†–æ—Å—Å–∏–∏ ‚Äî –ú–æ—Å–∫–æ–≤—Å–∫–∞—è –∏ –°–ü–ë –±–∏—Ä–∂–∞. –ù–∞ –ú–æ—Å–∫–æ–≤—Å–∫–æ–π –±–∏—Ä–∂–µ —Ç–æ—Ä–≥—É—é—Ç—Å—è –±—É–º–∞–≥–∏ —Ä–æ—Å—Å–∏–π—Å–∫–∏—Ö –∫–æ–º–ø–∞–Ω–∏–π –∏ –Ω–µ–∫–æ—Ç–æ—Ä—ã—Ö –∑–∞—Ä—É–±–µ–∂–Ω—ã—Ö. –ê –≤ –æ—Å–Ω–æ–≤–Ω–æ–º –æ–ø–µ—Ä–∞—Ü–∏–∏ —Å –∏–Ω–æ—Å—Ç—Ä–∞–Ω–Ω—ã–º–∏ –∞–∫—Ü–∏—è–º–∏ –ø—Ä–æ–≤–æ–¥—è—Ç—Å—è –Ω–∞ –°–ü–ë –±–∏—Ä–∂–µ."
AIB_0001_0004,AIB_0001,# **–ö—Ç–æ —Ç–æ—Ä–≥—É–µ—Ç –Ω–∞ –±–∏—Ä–∂–µ?**,"–ü—Ä–æ–¥–∞–≤—Ü–∞–º–∏ –Ω–∞ –±–∏—Ä–∂–µ –º–æ–≥—É—Ç –±—ã—Ç—å —Å–∞–º–∏ –∫–æ–º–ø–∞–Ω–∏–∏, –∫–æ—Ç–æ—Ä—ã–µ –≤—ã–ø—É—Å–∫–∞—é—Ç —Ü–µ–Ω–Ω—ã–µ –±—É–º–∞–≥–∏ –∏ —Ä–∞–∑–º–µ—â–∞—é—Ç –∏—Ö —á–µ—Ä–µ–∑ –±–∏—Ä–∂—É (–∏—Ö –Ω–∞–∑—ã–≤–∞—é—Ç —ç–º–∏—Ç–µ–Ω—Ç—ã), –∏–ª–∏ –∏–Ω–≤–µ—Å—Ç–æ—Ä—ã, –∫—É–ø–∏–≤—à–∏–µ —ç—Ç–∏ –±—É–º–∞–≥–∏. –ü–æ–∫—É–ø–∞—Ç–µ–ª—è–º–∏ –º–æ–≥—É—Ç –±—ã—Ç—å –∏ –ª—é–¥–∏, –∏ –∫–æ–º–ø–∞–Ω–∏–∏.
–ù–æ –¥–µ–π—Å—Ç–≤–æ–≤–∞—Ç—å –Ω–∞ –±–∏—Ä–∂–µ —Å–∞–º–æ—Å—Ç–æ—è—Ç–µ–ª—å–Ω–æ –æ–Ω–∏ –Ω–µ –º–æ–≥—É—Ç ‚Äî –∏ —Ç–µ–º –∏ –¥—Ä—É–≥–∏–º –Ω—É–∂–µ–Ω –ø—Ä–æ—Ñ–µ—Å—Å–∏–æ–Ω–∞–ª—å–Ω—ã–π –ø–æ—Å—Ä–µ–¥–Ω–∏–∫, –∫–æ—Ç–æ—Ä—ã–π –ø–æ–º–æ–≥–∞–µ—Ç –∑–∞–∫–ª—é—á–∏—Ç—å –∏ –±–µ–∑–æ–ø–∞—Å–Ω–æ –ø—Ä–æ–≤–µ—Å—Ç–∏ —Å–¥–µ–ª–∫—É. –≠—Ç–∏–º –ø–æ—Å—Ä–µ–¥–Ω–∏–∫–æ–º –¥–ª—è –∏–Ω–≤–µ—Å—Ç–æ—Ä–æ–≤ —è–≤–ª—è–µ—Ç—Å—è –±—Ä–æ–∫–µ—Ä."
AIB_0001_0005,AIB_0001,### **–ß—Ç–æ –¥–µ–ª–∞–µ—Ç –±—Ä–æ–∫–µ—Ä:**,"1. –û—Ç–∫—Ä—ã–≤–∞–µ—Ç –∏–Ω–≤–µ—Å—Ç–æ—Ä–∞–º [—Å—á–µ—Ç–∞](https://alfabank.ru/make-money/investments/brokerskij-schyot/) –∏ —Ä–µ–≥–∏—Å—Ç—Ä–∏—Ä—É–µ—Ç –∏—Ö –Ω–∞ –±–∏—Ä–∂–µ.
2. –ü–æ–∫–∞–∑—ã–≤–∞–µ—Ç, –∫–∞–∫ –∏–¥—É—Ç —Ç–æ—Ä–≥–∏.
3. –û—Ç–ø—Ä–∞–≤–ª—è–µ—Ç –∑–∞—è–≤–∫–∏ –∫–ª–∏–µ–Ω—Ç–æ–≤ –Ω–∞ –±–∏—Ä–∂—É.
4. –û–±–µ—Å–ø–µ—á–∏–≤–∞–µ—Ç —Ä–∞—Å—á—ë—Ç—ã –ø–æ —Å–¥–µ–ª–∫–∞–º: –ø–µ—Ä–µ—á–∏—Å–ª—è–µ—Ç —Ü–µ–Ω–Ω—ã–µ –±—É–º–∞–≥–∏ –∏ –¥–µ–Ω—å–≥–∏.
5. –í–µ–¥—ë—Ç –æ—Ç—á—ë—Ç—ã –æ —Å–¥–µ–ª–∫–∞—Ö, –∫–æ—Ç–æ—Ä—ã–µ –≤—Å–µ–≥–¥–∞ –º–æ–∂–Ω–æ –ø–æ—Å–º–æ—Ç—Ä–µ—Ç—å –≤ –ª–∏—á–Ω–æ–º –∫–∞–±–∏–Ω–µ—Ç–µ.
6. –û—Ç—á–∏—Ç—ã–≤–∞–µ—Ç—Å—è –ø–µ—Ä–µ–¥ –Ω–∞–ª–æ–≥–æ–≤–æ–π —Å–ª—É–∂–±–æ–π –∑–∞ –∫–ª–∏–µ–Ω—Ç–∞."
AIB_0001_0006,AIB_0001,# **–ú–æ–∂–Ω–æ –ª–∏ –¥–æ–≤–µ—Ä—è—Ç—å –±—Ä–æ–∫–µ—Ä—É?**,"–î–∞, –º–æ–∂–Ω–æ. –ò –≤–æ—Ç —Ç—Ä–∏ –ø—Ä–∏—á–∏–Ω—ã –¥–ª—è —ç—Ç–æ–≥–æ:
- –°–æ–≤—Ä–µ–º–µ–Ω–Ω—ã–π –±—Ä–æ–∫–µ—Ä ‚Äî —ç—Ç–æ –Ω–µ –æ—Ç–¥–µ–ª—å–Ω—ã–π —á–µ–ª–æ–≤–µ–∫, –∞ –æ—Ä–≥–∞–Ω–∏–∑–∞—Ü–∏—è, —É –∫–æ—Ç–æ—Ä–æ–π –µ—Å—Ç—å –ª–∏—Ü–µ–Ω–∑–∏—è –¶–µ–Ω—Ç—Ä–∞–ª—å–Ω–æ–≥–æ –±–∞–Ω–∫–∞ –Ω–∞ –±—Ä–æ–∫–µ—Ä—Å–∫—É—é –¥–µ—è—Ç–µ–ª—å–Ω–æ—Å—Ç—å. –ü—Ä–æ–≤–µ—Ä–∏—Ç—å –ª–∏—Ü–µ–Ω–∑–∏—é –±—Ä–æ–∫–µ—Ä–∞ –º–æ–∂–Ω–æ –≤ [—Å–ø–∏—Å–∫–µ –¶–µ–Ω—Ç—Ä–æ–±–∞–Ω–∫–∞](https://www.cbr.ru/registries/rcb/).
- –¶–ë —Å–ª–µ–¥–∏—Ç –∑–∞ —Ç–µ–º, –∫–∞–∫ –±—Ä–æ–∫–µ—Ä —Å–æ–±–ª—é–¥–∞–µ—Ç –∑–∞–∫–æ–Ω ¬´–û —Ä—ã–Ω–∫–µ —Ü–µ–Ω–Ω—ã—Ö –±—É–º–∞–≥¬ª.
- –ë—Ä–æ–∫–µ—Ä —Ö—Ä–∞–Ω–∏—Ç –≤–∞—à–∏ —Ü–µ–Ω–Ω—ã–µ –±—É–º–∞–≥–∏ –≤ –¥–µ–ø–æ–∑–∏—Ç–∞—Ä–∏–∏. –î–µ–ø–æ–∑–∏—Ç–∞—Ä–∏–π ‚Äî —ç—Ç–æ –≤–∏—Ä—Ç—É–∞–ª—å–Ω–æ–µ —Ö—Ä–∞–Ω–∏–ª–∏—â–µ, –≤ –∫–æ—Ç–æ—Ä–æ–º –≤–µ–¥—ë—Ç—Å—è —É—á—ë—Ç –ø—Ä–∞–≤ –Ω–∞ —Ü–µ–Ω–Ω—ã–µ –±—É–º–∞–≥–∏. –î–µ–ø–æ–∑–∏—Ç–∞—Ä–∏–π —Ä–∞–±–æ—Ç–∞–µ—Ç —Ç–æ–ª—å–∫–æ —Å –±—Ä–æ–∫–µ—Ä—Å–∫–∏–º–∏ –æ—Ä–≥–∞–Ω–∏–∑–∞—Ü–∏—è–º–∏.
–ö–æ–≥–¥–∞ –≤—ã —Ä–µ—à–∏—Ç–µ –Ω–∞—á–∞—Ç—å –∏–Ω–≤–µ—Å—Ç–∏—Ä–æ–≤–∞—Ç—å, –Ω—É–∂–Ω–æ –≤—ã–±—Ä–∞—Ç—å –±—Ä–æ–∫–µ—Ä–∞, –æ—Ç–∫—Ä—ã—Ç—å —É –Ω–µ–≥–æ —Å—á—ë—Ç, –ø–µ—Ä–µ—á–∏—Å–ª–∏—Ç—å —Ç—É–¥–∞ –¥–µ–Ω—å–≥–∏ –∏ –ø–æ–¥–∞—Ç—å –∑–∞—è–≤–∫—É –Ω–∞ —Å–¥–µ–ª–∫—É. –î–ª—è —ç—Ç–æ–≥–æ –Ω–µ –ø—Ä–∏–¥—ë—Ç—Å—è –∫—É–¥–∞-—Ç–æ –µ—Ö–∞—Ç—å –∏–ª–∏ –∫–æ–º—É-—Ç–æ –∑–≤–æ–Ω–∏—Ç—å. –¢–µ–ø–µ—Ä—å –±—Ä–æ–∫–µ—Ä—ã —Ä–∞–±–æ—Ç–∞—é—Ç —Å –∫–ª–∏–µ–Ω—Ç–∞–º–∏ –æ–Ω–ª–∞–π–Ω, –∫–∞–∫ –Ω–∞–ø—Ä–∏–º–µ—Ä –≤ –ø—Ä–∏–ª–æ–∂–µ–Ω–∏–∏ –ê–ª—å—Ñ–∞-–ò–Ω–≤–µ—Å—Ç–∏—Ü–∏–∏. –¢–∞–º –∏–Ω–≤–µ—Å—Ç–æ—Ä—É –¥–æ—Å—Ç—É–ø–Ω—ã –≤—Å–µ –æ–ø–µ—Ä–∞—Ü–∏–∏."
AIB_0001_0007,AIB_0001,# **–í–æ —á—Ç–æ –º–æ–∂–Ω–æ –≤–ª–æ–∂–∏—Ç—å –¥–µ–Ω—å–≥–∏ –Ω–∞ –±–∏—Ä–∂–µ?**,"–ù–∞ —Ñ–æ–Ω–¥–æ–≤—ã—Ö –±–∏—Ä–∂–∞—Ö —á–µ—Ä–µ–∑ –ø—Ä–∏–ª–æ–∂–µ–Ω–∏–µ –ê–ª—å—Ñ–∞-–ò–Ω–≤–µ—Å—Ç–∏—Ü–∏–∏ –º–æ–∂–Ω–æ –∫—É–ø–∏—Ç—å –∏ –ø—Ä–æ–¥–∞—Ç—å –∞–∫—Ü–∏–∏, –æ–±–ª–∏–≥–∞—Ü–∏–∏, –±–∏—Ä–∂–µ–≤—ã–µ —Ñ–æ–Ω–¥—ã –∏ –≤–∞–ª—é—Ç—É. –û –∫–∞–∂–¥–æ–º —Ç–∏–ø–µ —Ü–µ–Ω–Ω–æ–π –±—É–º–∞–≥–∏, –µ—ë –≤—ã–≥–æ–¥–∞—Ö –∏ —Ä–∏—Å–∫–∞—Ö –≤—ã —É–∑–Ω–∞–µ—Ç–µ –Ω–∞ —Å–ª–µ–¥—É—é—â–∏—Ö —à–∞–≥–∞—Ö. –ê —Ç—É—Ç –ª–∏—à—å –∏—Ö –≥–ª–∞–≤–Ω—ã–µ –æ—Å–æ–±–µ–Ω–Ω–æ—Å—Ç–∏."
AIB_0001_0008,AIB_0001,### **–ê–∫—Ü–∏—è**,"–≠—Ç–æ —Ü–µ–Ω–Ω–∞—è –±—É–º–∞–≥–∞, –∫–æ—Ç–æ—Ä–∞—è –¥–µ–ª–∞–µ—Ç –≤–∞—Å —Å–æ–≤–ª–∞–¥–µ–ª—å—Ü–µ–º –±–∏–∑–Ω–µ—Å–∞ –∫–æ–º–ø–∞–Ω–∏–∏. –í—ã –∏–º–µ–µ—Ç–µ –ø—Ä–∞–≤–æ –ø–æ–ª—É—á–∞—Ç—å —á–∞—Å—Ç—å –µ—ë –ø—Ä–∏–±—ã–ª–∏ –≤ –≤–∏–¥–µ –¥–∏–≤–∏–¥–µ–Ω–¥–æ–≤ –∏ —É—á–∞—Å—Ç–≤–æ–≤–∞—Ç—å –≤ —É–ø—Ä–∞–≤–ª–µ–Ω–∏–∏ –∫–∞–∫ –∞–∫—Ü–∏–æ–Ω–µ—Ä. –ê –º–æ–∂–µ—Ç–µ –ø—Ä–æ–¥–∞—Ç—å –∞–∫—Ü–∏—é –∏ –ø–æ–ª—É—á–∏—Ç—å –ø—Ä–∏–±—ã–ª—å ‚Äî –µ—Å–ª–∏ –∞–∫—Ü–∏—è –∑–∞ —ç—Ç–æ –≤—Ä–µ–º—è –ø–æ–¥–æ—Ä–æ–∂–∞–ª–∞. –¶–µ–Ω—ã –∞–∫—Ü–∏–π –Ω–∞ –±–∏—Ä–∂–µ –Ω–∞–∑—ã–≤–∞—é—Ç—Å—è –∫–æ—Ç–∏—Ä–æ–≤–∫–∞–º–∏.
‚¨ÜÔ∏è –î–æ—Ö–æ–¥ üî¥ –†–∏—Å–∫"
AIB_0001_0009,AIB_0001,### **–û–±–ª–∏–≥–∞—Ü–∏—è**,"–≠—Ç–æ –¥–æ–ª–≥–æ–≤–∞—è —Ä–∞—Å–ø–∏—Å–∫–∞ —Å –æ–±—è–∑–∞—Ç–µ–ª—å—Å—Ç–≤–æ–º —É–ø–ª–∞—Ç–∏—Ç—å –ø—Ä–æ—Ü–µ–Ω—Ç—ã (–∫—É–ø–æ–Ω—ã). –í—ã –¥–∞—ë—Ç–µ –¥–µ–Ω—å–≥–∏ –≤ –¥–æ–ª–≥ –∫–æ–º–ø–∞–Ω–∏–∏ –∏–ª–∏ –≥–æ—Å—É–¥–∞—Ä—Å—Ç–≤—É –∏ –ø–æ–ª—É—á–∞–µ—Ç–µ –∑–∞ —ç—Ç–æ –¥–æ—Ö–æ–¥ ‚Äî –∫—É–ø–æ–Ω–Ω—ã–µ –≤—ã–ø–ª–∞—Ç—ã. –ö–æ–≥–¥–∞ –Ω–∞—Å—Ç—É–ø–∞–µ—Ç —Å—Ä–æ–∫, –¥–µ–Ω—å–≥–∏ –≤–æ–∑–≤—Ä–∞—â–∞—é—Ç—Å—è –≤–ª–∞–¥–µ–ª—å—Ü—É –æ–±–ª–∏–≥–∞—Ü–∏–∏. –û–±–ª–∏–≥–∞—Ü–∏–∏ –±—ã–≤–∞—é—Ç –≤ —Ä—É–±–ª—è—Ö –∏ –≤–∞–ª—é—Ç–µ.
‚û°Ô∏è –î–æ—Ö–æ–¥ üü¢ –†–∏—Å–∫"
AIB_0001_0010,AIB_0001,### **–ë–∏—Ä–∂–µ–≤—ã–µ —Ñ–æ–Ω–¥—ã**,"–ë–∏—Ä–∂–µ–≤—ã–µ —Ñ–æ–Ω–¥—ã –ø–æ—Ö–æ–∂–∏ –Ω–∞ –≥–æ—Ç–æ–≤—ã–µ –Ω–∞–±–æ—Ä—ã —Ü–µ–Ω–Ω—ã—Ö –±—É–º–∞–≥: –∏–Ω–≤–µ—Å—Ç–∏—Ü–∏–æ–Ω–Ω—ã–µ –∫–æ–º–ø–∞–Ω–∏–∏ —Å–æ–±–∏—Ä–∞—é—Ç –ø—Ä–∏–≤–ª–µ–∫–∞—Ç–µ–ª—å–Ω—ã–µ –∞–∫—Ç–∏–≤—ã –≤ –æ–¥–∏–Ω —Ñ–æ–Ω–¥, –¥–µ–ª—è—Ç –µ–≥–æ –Ω–∞ –¥–æ–ª–∏ (—Ü–µ–Ω–Ω—ã–µ –±—É–º–∞–≥–∏ —Ñ–æ–Ω–¥–∞ ‚Äî –ø–∞–∏) –∏ –ø—Ä–æ–¥–∞—é—Ç –∏—Ö –Ω–∞ –±–∏—Ä–∂–µ –∏–Ω–≤–µ—Å—Ç–æ—Ä–∞–º.
‚ÜóÔ∏è –î–æ—Ö–æ–¥ üü° –†–∏—Å–∫"
AIB_0003_0011,AIB_0003,–°—Ç–æ–∏—Ç –∫—É–ø–∏—Ç—å –∞–∫—Ü–∏–∏?,"–ü—Ä–µ–∂–¥–µ —á–µ–º –ø—Ä–∏–Ω–∏–º–∞—Ç—å —Ä–µ—à–µ–Ω–∏–µ –æ –ø–æ–∫—É–ø–∫–µ —Ü–µ–Ω–Ω–æ–π –±—É–º–∞–≥–∏ —Ö–æ—Ä–æ—à–æ –±—ã —Ä–∞–∑–æ–±—Ä–∞—Ç—å—Å—è, —á—Ç–æ –∏–º–µ–Ω–Ω–æ –≤—ã –ø–æ–∫—É–ø–∞–µ—Ç–µ –∏ –∑–∞—á–µ–º –æ–Ω–æ –≤–∞–º –≤–æ–æ–±—â–µ. –ú—ã –æ–±—ä—è—Å–Ω—è–µ–º, –∞ –≤—ã ‚Äî —Ä–µ—à–∞–µ—Ç–µ.
‚¨ÜÔ∏è –î–æ—Ö–æ–¥ üî¥ –†–∏—Å–∫"
AIB_0003_0012,AIB_0003,# **–ß—Ç–æ —Ç–∞–∫–æ–µ –∞–∫—Ü–∏—è?**,"–ö–æ–≥–¥–∞ –∫–æ–º–ø–∞–Ω–∏–∏ –Ω—É–∂–Ω—ã –¥–µ–Ω—å–≥–∏ –¥–ª—è —Ä–∞–∑–≤–∏—Ç–∏—è –∏–ª–∏ –Ω–æ–≤—ã—Ö –ø—Ä–æ–µ–∫—Ç–æ–≤, –æ–Ω–∞ –º–æ–∂–µ—Ç –≤–∑—è—Ç—å –∏—Ö –≤ –¥–æ–ª–≥. –ù–æ –µ—Å—Ç—å –¥—Ä—É–≥–æ–π –ø—É—Ç—å ‚Äî –ø—Ä–æ–¥–∞—Ç—å –∞–∫—Ü–∏–∏ –∫–æ–º–ø–∞–Ω–∏–∏, –∏ —Ç–æ–≥–¥–∞ —ç—Ç–∏ –¥–µ–Ω—å–≥–∏ –Ω–µ –Ω–∞–¥–æ –±—É–¥–µ—Ç –Ω–∏–∫–æ–º—É –≤–æ–∑–≤—Ä–∞—â–∞—Ç—å.
–î–ª—è —ç—Ç–æ–≥–æ –∫–æ–º–ø–∞–Ω–∏—è —Å—Ç–∞–Ω–æ–≤–∏—Ç—Å—è –∞–∫—Ü–∏–æ–Ω–µ—Ä–Ω—ã–º –æ–±—â–µ—Å—Ç–≤–æ–º: —Ä–∞–∑–±–∏–≤–∞–µ—Ç —Å–≤–æ–π –∫–∞–ø–∏—Ç–∞–ª –Ω–∞ –º–∞–ª–µ–Ω—å–∫–∏–µ –ø–æ—Ä—Ü–∏–∏ (–∞–∫—Ü–∏–∏) –∏ –ø—Ä–æ–¥–∞—ë—Ç –∏—Ö. –ê–∫—Ü–∏–∏ –ø—É–±–ª–∏—á–Ω—ã—Ö –∞–∫—Ü–∏–æ–Ω–µ—Ä–Ω—ã—Ö –æ–±—â–µ—Å—Ç–≤ –ø–æ—Ç–æ–º –º–æ–∂–Ω–æ —Å–≤–æ–±–æ–¥–Ω–æ –ø–æ–∫—É–ø–∞—Ç—å –∏ –ø—Ä–æ–¥–∞–≤–∞—Ç—å –Ω–∞ –±–∏—Ä–∂–µ ‚Äî –ø–æ—ç—Ç–æ–º—É –∫–æ–º–ø–∞–Ω–∏–∏ –∏ –Ω–∞–∑—ã–≤–∞—é—Ç—Å—è ¬´–ø—É–±–ª–∏—á–Ω—ã–µ¬ª.
[**–ê–∫—Ü–∏—è**](https://alfabank.ru/make-money/investments/catalog/akcii/) ‚Äî —ç—Ç–æ —Ü–µ–Ω–Ω–∞—è –±—É–º–∞–≥–∞, –∫–æ—Ç–æ—Ä–∞—è –¥–∞—ë—Ç –∏–Ω–≤–µ—Å—Ç–æ—Ä—É –ø—Ä–∞–≤–æ –Ω–∞ –≤–ª–∞–¥–µ–Ω–∏–µ —á–∞—Å—Ç—å—é –±–∏–∑–Ω–µ—Å–∞ –∏ –Ω–∞ –ø–æ–ª—É—á–µ–Ω–∏–µ —á–∞—Å—Ç–∏ –ø—Ä–∏–±—ã–ª–∏ –∫–æ–º–ø–∞–Ω–∏–∏ (–¥–∏–≤–∏–¥–µ–Ω–¥–æ–≤). –ê —Ç–∞–∫–∂–µ –ø—Ä–∞–≤–æ –≥–æ–ª–æ—Å–æ–≤–∞—Ç—å –Ω–∞ —Å–æ–±—Ä–∞–Ω–∏–∏ –∞–∫—Ü–∏–æ–Ω–µ—Ä–æ–≤ –ø—Ä–∏ –ø—Ä–∏–Ω—è—Ç–∏–∏ –≤–∞–∂–Ω—ã—Ö —Ä–µ—à–µ–Ω–∏–π. –ü—Ä–µ–∏–º—É—â–µ—Å—Ç–≤–æ –∞–∫—Ü–∏–∏ –≤ —Ç–æ–º, —á—Ç–æ –æ–Ω–∞ –º–æ–∂–µ—Ç –ø—Ä–∏–Ω–µ—Å—Ç–∏ –∏–Ω–≤–µ—Å—Ç–æ—Ä—É –≤—ã—Å–æ–∫–∏–π –¥–æ—Ö–æ–¥ –ø—Ä–∏ –ø–µ—Ä–µ–ø—Ä–æ–¥–∞–∂–µ. –ù–æ –∏ —Ä–∏—Å–∫ —Ç–æ–∂–µ –Ω–µ–º–∞–ª–µ–Ω—å–∫–∏–π."
AIB_0003_0013,AIB_0003,# **–ö–∞–∫–∏–µ –∞–∫—Ü–∏–∏ –±—ã–≤–∞—é—Ç?**,–ê–∫—Ü–∏–∏ –±—ã–≤–∞—é—Ç –æ–±—ã–∫–Ω–æ–≤–µ–Ω–Ω—ã–µ –∏ –ø—Ä–∏–≤–∏–ª–µ–≥–∏—Ä–æ–≤–∞–Ω–Ω—ã–µ. –í –ø—Ä–∏–ª–æ–∂–µ–Ω–∏–∏ –ê–ª—å—Ñ–∞-–ò–Ω–≤–µ—Å—Ç–∏—Ü–∏–∏ –≤–∏–¥ –æ–±–æ–∑–Ω–∞—á–µ–Ω –∞–±–±—Ä–µ–≤–∏–∞—Ç—É—Ä–∞–º–∏ ‚Äî –ê–û –∏ –ê–ü. –ü—Ä–∞–≤–∞ –∞–∫—Ü–∏–æ–Ω–µ—Ä–∞ –∏ –µ–≥–æ –¥–æ—Ö–æ–¥ –∑–∞–≤–∏—Å—è—Ç –æ—Ç —Ç–∏–ø–∞ [–∞–∫—Ü–∏–∏](https://alfabank.ru/make-money/investments/catalog/akcii/).
AIB_0003_0014,AIB_0003,# **–ö–∞–∫ –∑–∞—Ä–∞–±–∞—Ç—ã–≤–∞—é—Ç –Ω–∞ –∞–∫—Ü–∏—è—Ö?**,"–°–∞–º—ã–π –ø—Ä–æ—Å—Ç–æ–π, –Ω–æ –Ω–µ —Å–∞–º—ã–π –≤—ã–≥–æ–¥–Ω—ã–π —Å–ø–æ—Å–æ–± ‚Äî –¥–æ–∂–¥–∞—Ç—å—Å—è –¥–∏–≤–∏–¥–µ–Ω–¥–æ–≤.
–ù–æ –∫–æ–º–ø–∞–Ω–∏–∏ –Ω–µ –≤—Å–µ–≥–¥–∞ –∏—Ö –≤—ã–ø–ª–∞—á–∏–≤–∞—é—Ç: –∏–Ω–æ–≥–¥–∞ –æ–Ω–∏ –Ω–∞–ø—Ä–∞–≤–ª—è—é—Ç –≤—Å—é –ø—Ä–∏–±—ã–ª—å –Ω–∞ —Ä–∞–∑–≤–∏—Ç–∏–µ –±–∏–∑–Ω–µ—Å–∞. –ü–ª–∞—Ç–∏—Ç—å –¥–∏–≤–∏–¥–µ–Ω–¥—ã –∏–ª–∏ –Ω–µ—Ç —Ä–µ—à–∞—é—Ç —Å–∞–º–∏ –∞–∫—Ü–∏–æ–Ω–µ—Ä—ã –Ω–∞ –æ–±—â–µ–º —Å–æ–±—Ä–∞–Ω–∏–∏.
–ï—Å–ª–∏ –∫–æ–º–ø–∞–Ω–∏—è —Ä–µ—à–∏–ª–∞ –≤—ã–ø–ª–∞—Ç–∏—Ç—å –¥–∏–≤–∏–¥–µ–Ω–¥—ã, –æ–Ω–∞ –Ω–∞–∑—ã–≤–∞–µ—Ç –¥–∞—Ç—É —Å–æ—Å—Ç–∞–≤–ª–µ–Ω–∏—è —Å–ø–∏—Å–∫–∞ –∞–∫—Ü–∏–æ–Ω–µ—Ä–æ–≤ –¥–ª—è –ø–æ–ª—É—á–µ–Ω–∏—è –≤—ã–ø–ª–∞—Ç—ã ‚Äî —Ä–µ–µ—Å—Ç—Ä–∞.
‚òùÔ∏è –ß—Ç–æ–±—ã –ø–æ–ø–∞—Å—Ç—å –≤ —Ä–µ–µ—Å—Ç—Ä –∏ –ø–æ–ª—É—á–∏—Ç—å –¥–∏–≤–∏–¥–µ–Ω–¥—ã, –∞–∫—Ü–∏—é –Ω—É–∂–Ω–æ –∫—É–ø–∏—Ç—å –º–∏–Ω–∏–º—É–º –∑–∞ –¥–≤–∞ —Ä–∞–±–æ—á–∏—Ö –¥–Ω—è –¥–æ –æ–±—ä—è–≤–ª–µ–Ω–Ω–æ–π –¥–∞—Ç—ã –∑–∞–∫—Ä—ã—Ç–∏—è —Ä–µ–µ—Å—Ç—Ä–∞. –≠—Ç–æ —Å–≤—è–∑–∞–Ω–æ —Å —Ä–µ–∂–∏–º–æ–º —Ç–æ—Ä–≥–æ–≤ –±–∏—Ä–∂–∏: –∫–æ–≥–¥–∞ –≤—ã –ø–æ–∫—É–ø–∞–µ—Ç–µ –∞–∫—Ü–∏—é, —Ç–æ –≤—ã —Å—Ç–∞–Ω–æ–≤–∏—Ç–µ—Å—å –µ—ë –≤–ª–∞–¥–µ–ª—å—Ü–µ–º –Ω–µ —Å—Ä–∞–∑—É, –∞ —Ç–æ–ª—å–∫–æ —á–µ—Ä–µ–∑ –¥–≤–∞ —Ä–∞–±–æ—á–∏—Ö –¥–Ω—è.
–°–∞–º—ã–π —Ä–∞—Å–ø—Ä–æ—Å—Ç—Ä–∞–Ω—ë–Ω–Ω—ã–π –∏ –ø—Ä–∏–±—ã–ª—å–Ω—ã–π —Å–ø–æ—Å–æ–± –∑–∞—Ä–∞–±–æ—Ç–∞—Ç—å –Ω–∞ –∞–∫—Ü–∏–∏ ‚Äî –ø—Ä–æ—Å—Ç–æ –ø—Ä–æ–¥–∞—Ç—å –µ—ë –¥–æ—Ä–æ–∂–µ, —á–µ–º –ø–æ–∫—É–ø–∞–ª–∏. –ï—Å–ª–∏ –≤—ã –∫—É–ø–∏–ª–∏ –∞–∫—Ü–∏—é –∑–∞ 1000 —Ä—É–±–ª–µ–π, —Ç–æ —á–µ—Ä–µ–∑ –º–µ—Å—è—Ü –æ–Ω–∞ –±—É–¥–µ—Ç —Å—Ç–æ–∏—Ç—å —É–∂–µ 1050 —Ä—É–±–ª–µ–π, –Ω–∞ –µ—ë –ø—Ä–æ–¥–∞–∂–µ –º–æ–∂–Ω–æ –∑–∞—Ä–∞–±–æ—Ç–∞—Ç—å 50 —Ä—É–±–ª–µ–π. –°—É–º–º–∞ –º–∞–ª–µ–Ω—å–∫–∞—è, –∞ –º–µ–∂–¥—É —Ç–µ–º —ç—Ç–æ –¥–æ—Ö–æ–¥–Ω–æ—Å—Ç—å 60% –≥–æ–¥–æ–≤—ã—Ö!
–ù–æ –¥–ª—è —É—Å–ø–µ—Ö–∞ —Ç—Ä–µ–±—É–µ—Ç—Å—è —Ä–∞—Å—á—ë—Ç –∏ –≤–µ–∑–µ–Ω–∏–µ ‚Äî –≤–µ–¥—å –Ω–∞–¥–æ –≤—ã–±—Ä–∞—Ç—å —Ç—É –∞–∫—Ü–∏—é, –∫–æ—Ç–æ—Ä–∞—è –±—É–¥–µ—Ç –¥–æ—Ä–æ–∂–∞—Ç—å. –ò –ø—Ä–∞–≤–∏–ª—å–Ω–æ –≤—ã–±—Ä–∞—Ç—å –º–æ–º–µ–Ω—Ç, –∫–æ–≥–¥–∞ –µ—ë –ø–æ—Ä–∞ –ø—Ä–æ–¥–∞—Ç—å."
AIB_0003_0015,AIB_0003,# **–ü–æ—á–µ–º—É –º–µ–Ω—è–µ—Ç—Å—è —Ü–µ–Ω–∞ –∞–∫—Ü–∏–π?**,"–¶–µ–Ω—ã –∞–∫—Ü–∏–π –º–µ–Ω—è—é—Ç—Å—è –±–ª–∞–≥–æ–¥–∞—Ä—è —Å–ø—Ä–æ—Å—É –∏ –ø—Ä–µ–¥–ª–æ–∂–µ–Ω–∏—é –æ –∏–Ω–≤–µ—Å—Ç–æ—Ä–æ–≤. –ò –∑–∞–≤–∏—Å—è—Ç –æ—Ç –∏—Ö –æ—Ü–µ–Ω–æ–∫ –∏ –æ–∂–∏–¥–∞–Ω–∏–π. –ï—Å–ª–∏ –∏–Ω–≤–µ—Å—Ç–æ—Ä—ã —Å—á–∏—Ç–∞—é—Ç, —á—Ç–æ —É –∫–æ–º–ø–∞–Ω–∏–∏ —Ö–æ—Ä–æ—à–∏–µ –ø–µ—Ä—Å–ø–µ–∫—Ç–∏–≤—ã –∏ –æ–Ω–∞ –ø–æ–∫–∞ –Ω–µ–¥–æ–æ—Ü–µ–Ω–µ–Ω–∞ –ø–æ —Å—Ä–∞–≤–Ω–µ–Ω–∏—é —Å –∫–æ–Ω–∫—É—Ä–µ–Ω—Ç–∞–º–∏, –æ–Ω–∏ –ø–æ–∫—É–ø–∞—é—Ç –µ—ë –∞–∫—Ü–∏–∏ –≤ —Ä–∞—Å—á—ë—Ç–µ –∑–∞—Ä–∞–±–æ—Ç–∞—Ç—å –Ω–∞ –∏—Ö —Ä–æ—Å—Ç–µ. –ò –æ—Ç –ø–æ–≤—ã—à–µ–Ω–∏—è —Å–ø—Ä–æ—Å–∞ —Ü–µ–Ω–∞ –¥–µ–π—Å—Ç–≤–∏—Ç–µ–ª—å–Ω–æ –Ω–∞—á–∏–Ω–∞–µ—Ç —Ä–∞—Å—Ç–∏. –ê –ø–∞–¥–∞–µ—Ç –æ–Ω–∞, –∫–æ–≥–¥–∞ –º–Ω–æ–≥–∏–µ –∏–Ω–≤–µ—Å—Ç–æ—Ä—ã —Å—á–∏—Ç–∞—é—Ç, —á—Ç–æ –∫–æ–º–ø–∞–Ω–∏—è –ø–µ—Ä–µ–æ—Ü–µ–Ω–µ–Ω–∞ –∏–ª–∏ –≤–∏–¥—è—Ç –Ω–æ–≤—ã–µ —Ä–∏—Å–∫–∏ –¥–ª—è –µ—ë –±–∏–∑–Ω–µ—Å–∞ ‚Äî –∏ –Ω–∞—á–∏–Ω–∞—é—Ç –ø—Ä–æ–¥–∞–≤–∞—Ç—å –∞–∫—Ü–∏–∏.
–¢–µ–∫—É—â–∞—è —Ü–µ–Ω–∞ –∞–∫—Ü–∏–∏ –Ω–∞ –±–∏—Ä–∂–µ –Ω–∞–∑—ã–≤–∞–µ—Ç—Å—è –∫–æ—Ç–∏—Ä–æ–≤–∫–æ–π. –ö–æ—Ç–∏—Ä–æ–≤–∫–∏ –∫–æ–º–ø–∞–Ω–∏–π, —á—å–∏ –∞–∫—Ü–∏–∏ –ø–æ–ø—É–ª—è—Ä–Ω—ã —É –∏–Ω–≤–µ—Å—Ç–æ—Ä–æ–≤, –º–µ–Ω—è—é—Ç—Å—è –ø–æ—Å—Ç–æ—è–Ω–Ω–æ. –ü–æ—Ç–æ–º—É —á—Ç–æ –≤—Å–µ–≥–¥–∞ –Ω–∞—Ö–æ–¥—è—Ç—Å—è –∂–µ–ª–∞—é—â–∏–µ –∫—É–ø–∏—Ç—å –∏–ª–∏ –ø—Ä–æ–¥–∞—Ç—å –±—É–º–∞–≥–∏."
AIB_0003_0016,AIB_0003,### **–ü–æ–∫–∞–∑–∞—Ç–µ–ª–∏ –∫–æ–º–ø–∞–Ω–∏–∏**,"–ï—Å–ª–∏ –∏–Ω–≤–µ—Å—Ç–æ—Ä—ã –∂–¥—É—Ç, —á—Ç–æ –∫–æ–º–ø–∞–Ω–∏—è –ø–æ–∫–∞–∂–µ—Ç –≤ –æ—Ç—á—ë—Ç–µ —Ä–æ—Å—Ç –≤—ã—Ä—É—á–∫–∏, –ø—Ä–∏–±—ã–ª–∏ –∏–ª–∏ –æ–±—ä—è–≤–∏—Ç –±–æ–ª—å—à–∏–µ –¥–∏–≤–∏–¥–µ–Ω–¥—ã ‚Äî —ç—Ç–æ –ø–æ–≤–æ–¥ –ø–æ–∫—É–ø–∞—Ç—å –∞–∫—Ü–∏–∏. –ï—Å–ª–∏ —Ä–µ–∞–ª—å–Ω—ã–µ –ø–æ–∫–∞–∑–∞—Ç–µ–ª–∏ –ø—Ä–µ–≤–∑–æ–π–¥—É—Ç –æ–∂–∏–¥–∞–Ω–∏—è –∏–Ω–≤–µ—Å—Ç–æ—Ä–æ–≤ ‚Äî –∫–æ—Ç–∏—Ä–æ–≤–∫–∏ —Ç–æ—á–Ω–æ –≤—ã—Ä–∞—Å—Ç—É—Ç. –ï—Å–ª–∏ –æ–∂–∏–¥–∞–Ω–∏—è –Ω–µ –æ–ø—Ä–∞–≤–¥–∞—é—Ç—Å—è, —Ç–æ –Ω–∞—á–Ω—ë—Ç—Å—è —Å–Ω–∏–∂–µ–Ω–∏–µ.
–í–æ—Ç –æ–±—Ä–∞—Ç–Ω–∞—è —Å–∏—Ç—É–∞—Ü–∏—è: –∫–æ–º–ø–∞–Ω–∏—è [Amazon](https://alfabank.ru/make-money/investments/catalog/t/akcii/AMZN/) –Ω–µ –æ–ø—Ä–∞–≤–¥–∞–ª–∞ –æ–∂–∏–¥–∞–Ω–∏—è –∏–Ω–≤–µ—Å—Ç–æ—Ä–æ–≤, –∏ –∫–æ–≥–¥–∞ –æ–Ω–∏ –æ–ø—É–±–ª–∏–∫–æ–≤–∞–ª–∏ –æ—Ç—á—ë—Ç 29 –∏—é–ª—è, –∏—Ö –∞–∫—Ü–∏–∏ —Å–Ω–∏–∑–∏–ª–∏—Å—å –Ω–∞ 8%."
AIB_0003_0017,AIB_0003,### **–ù–æ–≤–æ—Å—Ç–∏: —Ö–æ—Ä–æ—à–∏–µ –∏ –Ω–µ –æ—á–µ–Ω—å**,"–ö–æ—Ç–∏—Ä–æ–≤–∫–∏ –∫–æ–º–ø–∞–Ω–∏–π –∑–∞–≤–∏—Å—è—Ç –∏ –æ—Ç —Å–æ–±—ã—Ç–∏–π, –∫–æ—Ç–æ—Ä—ã–µ –º–æ–≥—É—Ç –æ–∫–∞–∑–∞—Ç—å –≤–ª–∏—è–Ω–∏–µ –Ω–∞ –µ—ë –±–∏–∑–Ω–µ—Å. –ù–æ —É –Ω–µ–∫–æ—Ç–æ—Ä—ã—Ö –ø–æ–ø—É–ª—è—Ä–Ω—ã—Ö –∫–æ–º–ø–∞–Ω–∏–π –ø–æ—á—Ç–∏ –∫–∞–∂–¥–æ–µ —Å–æ–±—ã—Ç–∏–µ –ø—Ä–∏–≤–æ–¥–∏—Ç –∫ –∫–æ–ª–µ–±–∞–Ω–∏—è–º –∫–æ—Ç–∏—Ä–æ–≤–æ–∫. –ù–∞–ø—Ä–∏–º–µ—Ä [Virgin Galactic](https://alfabank.ru/make-money/investments/catalog/t/akcii/SPCE/): –∏–∑-–∑–∞ –ø–µ—Ä–µ–Ω–æ—Å–∞ —Ç–µ—Å—Ç–æ–≤–æ–≥–æ —Å—É–±–æ—Ä–±–∏—Ç–∞–ª—å–Ω–æ–≥–æ –ø–æ–ª—ë—Ç–∞ –∞–∫—Ü–∏–∏ –∫–æ–º–ø–∞–Ω–∏–∏ –ø–∞–¥–∞–ª–∏, –∞ –Ω–∞ –Ω–æ–≤–æ—Å—Ç—è—Ö –æ–± —É—Å–ø–µ—à–Ω–æ–º –ø–æ–ª–µ—Ç–µ –µ—ë –æ—Å–Ω–æ–≤–∞—Ç–µ–ª—è –†–∏—á–∞—Ä–¥–∞ –ë—Ä—ç–Ω—Å–æ–Ω–∞ –Ω–∞–æ–±–æ—Ä–æ—Ç ‚Äî —Ä–æ—Å–ª–∏.
25 –∏—é–Ω—è —Å—Ç–∞–ª–æ –∏–∑–≤–µ—Å—Ç–Ω–æ, —á—Ç–æ –ë—Ä—ç–Ω—Å–æ–Ω –ø–æ–ª–µ—Ç–∏—Ç –Ω–∞ 9 –¥–Ω–µ–π —Ä–∞–Ω—å—à–µ —Å–≤–æ–µ–≥–æ –∫–æ–Ω–∫—É—Ä–µ–Ω—Ç–∞ ‚Äî –î–∂–µ—Ñ—Ñ–∞ –ë–µ–∑–æ—Å–∞ (Amazon, Blue Origin). –ê–∫—Ü–∏–∏ Virgin Galactic –≤—ã—Ä–æ—Å–ª–∏ –Ω–∞ 39%.
–ü–æ—Å–ª–µ –ø–æ–ª—ë—Ç–∞ 11 –∏—é–ª—è, –∫–æ–≥–¥–∞ –∫–æ–º–ø–∞–Ω–∏—è –æ–±—ä—è–≤–∏–ª–∞ –æ –¥–æ–ø–æ–ª–Ω–∏—Ç–µ–ª—å–Ω–æ–º –≤—ã–ø—É—Å–∫–µ –∞–∫—Ü–∏–π, –µ—ë –∫–æ—Ç–∏—Ä–æ–≤–∫–∏ —É–ø–∞–ª–∏:
–¢–æ—Ä–≥–æ–≤–∞—Ç—å –∞–∫—Ü–∏—è–º–∏ –∫–æ–º–ø–∞–Ω–∏–∏ –Ω–∞ –æ—Å–Ω–æ–≤–∞–Ω–∏–∏ –Ω–æ–≤–æ—Å—Ç–µ–π –æ—á–µ–Ω—å –Ω–µ–ø—Ä–æ—Å—Ç–æ. –°–ª–µ–¥–∏—Ç—å –∑–∞ —Å–æ–±—ã—Ç–∏—è–º–∏ –∏ –±—ã—Å—Ç—Ä–æ —Ä–µ–∞–≥–∏—Ä–æ–≤–∞—Ç—å ‚Äî —ç—Ç–æ —Ç–æ–∂–µ —Ä–∞–±–æ—Ç–∞. –ò –æ–Ω–∞ –Ω–µ –¥–ª—è –Ω–æ–≤–∏—á–∫–∞."
AIB_0003_0018,AIB_0003,### **–ü–æ–ª–∏—Ç–∏—á–µ—Å–∫–∏–µ —Å–æ–±—ã—Ç–∏—è**,"–ù–∞ —Å—Ç–æ–∏–º–æ—Å—Ç—å –∞–∫—Ü–∏–π –º–æ–∂–µ—Ç –≤–ª–∏—è—Ç—å –æ–±—â–∞—è —Å–∏—Ç—É–∞—Ü–∏—è, –Ω–µ —Å–≤—è–∑–∞–Ω–Ω–∞—è —Å –∫–æ–Ω–∫—Ä–µ—Ç–Ω–æ–π –∫–æ–º–ø–∞–Ω–∏–µ–π. –ù–∞–ø—Ä–∏–º–µ—Ä, –∫–æ–≥–¥–∞ –∏–∑-–∑–∞ –ø–æ–ª–∏—Ç–∏—á–µ—Å–∫–∏—Ö —Ä–∏—Å–∫–æ–≤ –∏–Ω–≤–µ—Å—Ç–æ—Ä—ã –Ω–∞—á–∏–Ω–∞—é—Ç –≤—ã–≤–æ–¥–∏—Ç—å –¥–µ–Ω—å–≥–∏ –∏–∑ –∫–∞–∫–æ–π-–ª–∏–±–æ —Å—Ç—Ä–∞–Ω—ã –∏ –ø—Ä–æ–¥–∞—é—Ç –≤—Å–µ –∞–∫—Ü–∏–∏ –µ–µ –∫–æ–º–ø–∞–Ω–∏–π. –ò–∑-–∑–∞ –±–æ–ª—å—à–æ–≥–æ –æ–±—ä–µ–º–∞ –ø—Ä–æ–¥–∞–∂ –∫–æ—Ç–∏—Ä–æ–≤–∫–∏ –ø–∞–¥–∞—é—Ç.
–ü–æ —Ñ–æ–Ω–¥–æ–≤–æ–º—É —Ä—ã–Ω–∫—É –±—å—é—Ç –∏ –º–µ–∂–¥—É–Ω–∞—Ä–æ–¥–Ω—ã–µ —Å–∞–Ω–∫—Ü–∏–∏. –ù–∞–ø—Ä–∏–º–µ—Ä, –≤ 2019 –≥–æ–¥—É –°–®–ê –ø—Ä–∏–≥—Ä–æ–∑–∏–ª–∏ –ö–∏—Ç–∞—é, —á—Ç–æ —É–±–µ—Ä—É—Ç –∞–∫—Ü–∏–π –∫–∏—Ç–∞–π—Å–∫–∏—Ö –∫–æ–º–ø–∞–Ω–∏–π —Å –±–∏—Ä–∂–∏. –ò–Ω–≤–µ—Å—Ç–æ—Ä—ã –æ—Ç—Ä–µ–∞–≥–∏—Ä–æ–≤–∞–ª–∏ —Ç–∞–∫: –∫–æ—Ç–∏—Ä–æ–≤–∫–∏ [Alibaba](https://alfabank.ru/make-money/investments/catalog/t/akcii/BABA/) —É–ø–∞–ª–∏ –Ω–∞ 9,02%, JD.com ‚Äî –ø–æ—á—Ç–∏ –Ω–∞ 6%."
AIB_0004_0019,AIB_0004,–°—Ç–æ–∏—Ç –∫—É–ø–∏—Ç—å –æ–±–ª–∏–≥–∞—Ü–∏–∏?,"–ü–æ–∂–∞–ª—É–π, –ø–æ–≤—Ç–æ—Ä–∏–º: –ø—Ä–µ–∂–¥–µ —á–µ–º –ø—Ä–∏–Ω–∏–º–∞—Ç—å —Ä–µ—à–µ–Ω–∏–µ –æ –ø–æ–∫—É–ø–∫–µ —Ö–æ—Ä–æ—à–æ –±—ã —Ä–∞–∑–æ–±—Ä–∞—Ç—å—Å—è, —á—Ç–æ –∏–º–µ–Ω–Ω–æ –≤—ã –ø–æ–∫—É–ø–∞–µ—Ç–µ –∏ –∑–∞—á–µ–º –æ–Ω–æ –≤–∞–º. –ú—ã –æ–±—ä—è—Å–Ω—è–µ–º, –∞ –≤—ã ‚Äî —Ä–µ—à–∞–µ—Ç–µ.
‚û°Ô∏è –î–æ—Ö–æ–¥ üü¢ –†–∏—Å–∫"
AIB_0004_0020,AIB_0004,# **–ß—Ç–æ —Ç–∞–∫–æ–µ –æ–±–ª–∏–≥–∞—Ü–∏–∏?**,"–ï—Å–ª–∏ –∫–∞–∫–∞—è-—Ç–æ –∫–æ–º–ø–∞–Ω–∏—è, —Ü–µ–ª—ã–π —Ä–µ–≥–∏–æ–Ω –∏–ª–∏ –¥–∞–∂–µ —Å—Ç—Ä–∞–Ω–∞ —Ö–æ—Ç—è—Ç –ø—Ä–∏–≤–ª–µ—á—å –¥–µ–Ω—å–≥–∏ –Ω–∞ —Ä–∞–∑–≤–∏—Ç–∏–µ ‚Äî –æ–Ω–∏ –º–æ–≥—É—Ç –∑–∞–Ω—è—Ç—å –≤ –±–∞–Ω–∫–µ, –∞ –º–æ–≥—É—Ç –≤–∑—è—Ç—å –≤ –¥–æ–ª–≥ —É –º–Ω–æ–≥–∏—Ö –∏–Ω–≤–µ—Å—Ç–æ—Ä–æ–≤. –î–ª—è —ç—Ç–æ–≥–æ –∏ –≤—ã–ø—É—Å–∫–∞—é—Ç [–æ–±–ª–∏–≥–∞—Ü–∏–∏](https://alfabank.ru/make-money/investments/catalog/obligacii/).
**–û–±–ª–∏–≥–∞—Ü–∏—è** ‚Äî —ç—Ç–æ –¥–æ–ª–≥–æ–≤–∞—è —Ü–µ–Ω–Ω–∞—è –±—É–º–∞–≥–∞, –æ–±—è–∑–∞—Ç–µ–ª—å—Å—Ç–≤–æ –≤–µ—Ä–Ω—É—Ç—å –¥–µ–Ω—å–≥–∏ –∫ —Ç–æ—á–Ω–æ–º—É —Å—Ä–æ–∫—É –∏ –≤—ã–ø–ª–∞—á–∏–≤–∞—Ç—å –ø—Ä–æ—Ü–µ–Ω—Ç—ã. –ü–æ–∫—É–ø–∞—Ç–µ–ª–∏ —Ç–∞–∫–∏—Ö –±—É–º–∞–≥ –¥–∞—é—Ç –≤ –¥–æ–ª–≥ —Ç–æ–º—É, –∫—Ç–æ –∏—Ö –≤—ã–ø—É—Å—Ç–∏–ª (—ç–º–∏—Ç–µ–Ω—Ç—É), –∏ –∑–∞—Ä–∞–±–∞—Ç—ã–≤–∞—é—Ç –Ω–∞ –∫—É–ø–æ–Ω–∞—Ö ‚Äî —Ç–∞–∫ –Ω–∞–∑—ã–≤–∞—é—Ç—Å—è –ø—Ä–æ—Ü–µ–Ω—Ç—ã –ø–æ –æ–±–ª–∏–≥–∞—Ü–∏—è–º.
–ü—Ä–µ–∏–º—É—â–µ—Å—Ç–≤–æ –æ–±–ª–∏–≥–∞—Ü–∏–∏ ‚Äî –∑–∞—Ä–∞–Ω–µ–µ –∏–∑–≤–µ—Å—Ç–Ω—ã —Å—Ä–æ–∫–∏, –∫–æ–≥–¥–∞ –∏–Ω–≤–µ—Å—Ç–æ—Ä—É –±—É–¥—É—Ç –≤—ã–ø–ª–∞—á–∏–≤–∞—Ç—å –∫—É–ø–æ–Ω—ã –∏ –≤–µ—Ä–Ω—É—Ç –¥–µ–Ω—å–≥–∏. –≠—Ç–∏–º –æ–±–ª–∏–≥–∞—Ü–∏—è –ø–æ—Ö–æ–∂–∞ –Ω–∞ –±–∞–Ω–∫–æ–≤—Å–∫–∏–π –¥–µ–ø–æ–∑–∏—Ç, –Ω–æ –¥–æ—Ö–æ–¥ –ø–æ –æ–±–ª–∏–≥–∞—Ü–∏—è–º –æ–±—ã—á–Ω–æ –≤—ã—à–µ."
AIB_0004_0021,AIB_0004,# **–ö–∞–∫ –∫—É–ø–∏—Ç—å –æ–±–ª–∏–≥–∞—Ü–∏–∏?**,"–ú–æ–∂–Ω–æ –∫—É–ø–∏—Ç—å –æ–±–ª–∏–≥–∞—Ü–∏–∏ –Ω–∞–ø—Ä—è–º—É—é —É —ç–º–∏—Ç–µ–Ω—Ç–∞. –î–ª—è —ç—Ç–æ–≥–æ –Ω–∞–¥–æ –ø–æ—É—á–∞—Å—Ç–≤–æ–≤–∞—Ç—å –≤ –ø—Ä–æ—Ü–µ—Å—Å–µ, –∫–æ—Ç–æ—Ä—ã–π –Ω–∞–∑—ã–≤–∞–µ—Ç—Å—è ¬´–ø–µ—Ä–≤–∏—á–Ω–æ–µ —Ä–∞–∑–º–µ—â–µ–Ω–∏–µ¬ª: —ç–º–∏—Ç–µ–Ω—Ç —Å–æ–±–∏—Ä–∞–µ—Ç –∑–∞—è–≤–∫–∏ –æ—Ç –∏–Ω–≤–µ—Å—Ç–æ—Ä–æ–≤ –∏ –ø–æ—Ç–æ–º –ø—Ä–æ–¥–∞—ë—Ç –∏–º –±—É–º–∞–≥–∏. –ü—Ä–∏ –ø–æ–¥–≥–æ—Ç–æ–≤–∫–µ —Ä–∞–∑–º–µ—â–µ–Ω–∏—è –∏ –¥–æ –Ω–∞—á–∞–ª–∞ –±–∏—Ä–∂–µ–≤—ã—Ö —Ç–æ—Ä–≥–æ–≤ —Ü–µ–Ω–∞ –æ–±–ª–∏–≥–∞—Ü–∏–∏ –Ω–µ –º–µ–Ω—è–µ—Ç—Å—è.
–ê –º–æ–∂–Ω–æ –∫—É–ø–∏—Ç—å —É–∂–µ —Ä–∞–∑–º–µ—â—ë–Ω–Ω—ã–µ –æ–±–ª–∏–≥–∞—Ü–∏–∏ —É –¥—Ä—É–≥–∏—Ö –∏–Ω–≤–µ—Å—Ç–æ—Ä–æ–≤ –Ω–∞ –±–∏—Ä–∂–µ, –Ω–æ —É–∂–µ –ø–æ —Ä—ã–Ω–æ—á–Ω–æ–π —Ü–µ–Ω–µ."
AIB_0004_0022,AIB_0004,### **–°—Ä–æ–∫–∏**,"–£ –æ–±–ª–∏–≥–∞—Ü–∏–∏ –µ—Å—Ç—å –¥–≤–µ –≤–∞–∂–Ω—ã–µ –¥–∞—Ç—ã: –¥–∞—Ç–∞ –≤—ã–ø—É—Å–∫–∞ –æ–±–ª–∏–≥–∞—Ü–∏–∏ –∏ –¥–∞—Ç–∞ –ø–æ–≥–∞—à–µ–Ω–∏—è –æ–±–ª–∏–≥–∞—Ü–∏–∏. –î–∞—Ç–∞ –≤—ã–ø—É—Å–∫–∞ ‚Äî –¥–µ–Ω—å, –∫–æ–≥–¥–∞ –∫–æ–º–ø–∞–Ω–∏—è —Ä–∞–∑–º–µ—â–∞–µ—Ç –æ–±–ª–∏–≥–∞—Ü–∏—é –∏ –±–µ—Ä—ë—Ç –¥–µ–Ω—å–≥–∏ –≤ –¥–æ–ª–≥. –î–∞—Ç–∞ –ø–æ–≥–∞—à–µ–Ω–∏—è –æ–±–ª–∏–≥–∞—Ü–∏–∏ ‚Äî –¥–µ–Ω—å, –∫–æ–≥–¥–∞ –∫–æ–º–ø–∞–Ω–∏—è –≤–æ–∑–≤—Ä–∞—â–∞–µ—Ç –¥–æ–ª–≥ –∏–Ω–≤–µ—Å—Ç–æ—Ä–∞–º. –ï—â—ë —É –æ–±–ª–∏–≥–∞—Ü–∏–π –µ—Å—Ç—å –¥–∞—Ç–∞ –æ—Ñ–µ—Ä—Ç—ã ‚Äî —ç—Ç–æ –¥–∞—Ç–∞, –∫–æ–≥–¥–∞ –∫–æ–º–ø–∞–Ω–∏—è –º–æ–∂–µ—Ç –≤–µ—Ä–Ω—É—Ç—å –¥–µ–Ω—å–≥–∏ –∏–Ω–≤–µ—Å—Ç–æ—Ä–∞–º –¥–æ—Å—Ä–æ—á–Ω–æ."
AIB_0004_0023,AIB_0004,### **–ù–æ–º–∏–Ω–∞–ª**,"–ù–æ–º–∏–Ω–∞–ª ‚Äî —ç—Ç–æ —Ç–∞ —Å—É–º–º–∞, –∫–æ—Ç–æ—Ä—É—é –≤–∑—è–ª–∏ –≤ –¥–æ–ª–≥ –ø–æ —ç—Ç–æ–π —Ü–µ–Ω–Ω–æ–π –±—É–º–∞–≥–µ. –†–æ—Å—Å–∏–π—Å–∫–∏–µ –∫–æ–º–ø–∞–Ω–∏–∏ –æ–±—ã—á–Ω–æ –≤—ã–ø—É—Å–∫–∞—é—Ç –æ–±–ª–∏–≥–∞—Ü–∏–∏ –ø–æ 1000 ‚ÇΩ, –≤ –∏–Ω–æ—Å—Ç—Ä–∞–Ω–Ω–æ–π –≤–∞–ª—é—Ç–µ —ç—Ç–æ –æ–±—ã—á–Ω–æ –±—É–º–∞–≥–∏ –ø–æ 1000 $ –∏ 1000 ‚Ç¨. –í –¥–∞—Ç—É –ø–æ–≥–∞—à–µ–Ω–∏—è –æ–±–ª–∏–≥–∞—Ü–∏–∏ –∫–æ–º–ø–∞–Ω–∏—è –≤—ã–ø–ª–∞—á–∏–≤–∞–µ—Ç –≤–ª–∞–¥–µ–ª—å—Ü—É –±—É–º–∞–≥–∏ –∏–º–µ–Ω–Ω–æ –µ—ë –Ω–æ–º–∏–Ω–∞–ª."
AIB_0004_0024,AIB_0004,### **–ö—É–ø–æ–Ω**,"–ö—É–ø–æ–Ω ‚Äî —ç—Ç–æ –ø—Ä–æ—Ü–µ–Ω—Ç –æ—Ç –Ω–æ–º–∏–Ω–∞–ª–∞, –∫–æ—Ç–æ—Ä—ã–π –∫–æ–º–ø–∞–Ω–∏—è –ø–ª–∞—Ç–∏—Ç –∏–Ω–≤–µ—Å—Ç–æ—Ä—É –∑–∞ –ø–æ–ª—å–∑–æ–≤–∞–Ω–∏–µ –µ–≥–æ –¥–µ–Ω—å–≥–∞–º–∏. –î–∞—Ç—ã –≤—ã–ø–ª–∞—Ç—ã –∫—É–ø–æ–Ω–æ–≤ –∏–∑–≤–µ—Å—Ç–Ω—ã —Å—Ä–∞–∑—É."
AIB_0004_0025,AIB_0004,### **–ù–∞–∫–æ–ø–ª–µ–Ω–Ω—ã–π –∫—É–ø–æ–Ω–Ω—ã–π –¥–æ—Ö–æ–¥**,"[–ù–ö–î](https://alfabank.ru/make-money/investments/learn/t/chto-takoe-nkd-po-obligatsiyam-kak-poluchat-protsenti-kazhdii-den/) ‚Äî —á–∞—Å—Ç—å —Å–ª–µ–¥—É—é—â–µ–π –∫—É–ø–æ–Ω–Ω–æ–π –≤—ã–ø–ª–∞—Ç—ã, –∫–æ—Ç–æ—Ä–∞—è –Ω–∞–∫–æ–ø–∏–ª–∞—Å—å —Å –º–æ–º–µ–Ω—Ç–∞ –ø–æ—Å–ª–µ–¥–Ω–µ–π –≤—ã–ø–ª–∞—Ç—ã –ø–æ –æ–±–ª–∏–≥–∞—Ü–∏–∏.
–ù–∞–ø—Ä–∏–º–µ—Ä, —É –∏–Ω–≤–µ—Å—Ç–æ—Ä–∞ –µ—Å—Ç—å –æ–±–ª–∏–≥–∞—Ü–∏—è, –ø–æ –∫–æ—Ç–æ—Ä–æ–π —á–µ—Ä–µ–∑ 3 –º–µ—Å—è—Ü–∞ –ø–æ–ª–æ–∂–µ–Ω –∫—É–ø–æ–Ω. –ï—Å–ª–∏ –æ–Ω –¥–µ—Ä–∂–∏—Ç –æ–±–ª–∏–≥–∞—Ü–∏—é –¥–æ –¥–∞—Ç—ã –≤—ã–ø–ª–∞—Ç—ã ‚Äî –ø–æ–ª—É—á–∏—Ç –≤—Å—é —Å—É–º–º—É –∫—É–ø–æ–Ω–∞. –ê –µ—Å–ª–∏ –∏–Ω–≤–µ—Å—Ç–æ—Ä —Ö–æ—á–µ—Ç –ø—Ä–æ–¥–∞—Ç—å –æ–±–ª–∏–≥–∞—Ü–∏—é –º–µ–∂–¥—É –≤—ã–ø–ª–∞—Ç–∞–º–∏, —Ç–æ —Å–ª–µ–¥—É—é—â–∏–π –∫—É–ø–æ–Ω –æ–Ω —É–∂–µ –Ω–µ –ø–æ–ª—É—á–∏—Ç. –ù–æ –≤–µ–¥—å –æ–±–ª–∏–≥–∞—Ü–∏—è —É –Ω–µ–≥–æ –±—ã–ª–∞ –≤ —Å–æ–±—Å—Ç–≤–µ–Ω–Ω–æ—Å—Ç–∏ –∫–∞–∫–æ–µ-—Ç–æ –≤—Ä–µ–º—è, –∞ –∑–Ω–∞—á–∏—Ç –µ—Å—Ç—å –ø—Ä–∞–≤–∞ –Ω–∞ –∫–∞–∫—É—é-—Ç–æ —á–∞—Å—Ç—å —Å–ª–µ–¥—É—é—â–µ–≥–æ –∫—É–ø–æ–Ω–∞! –≠—Ç—É –Ω–∞–∫–æ–ø–∏–≤—à—É—é—Å—è —á–∞—Å—Ç—å –∫—É–ø–æ–Ω–∞ (–ù–ö–î) –æ–ø–ª–∞—Ç–∏—Ç –µ–º—É –ø–æ–∫—É–ø–∞—Ç–µ–ª—å –æ–±–ª–∏–≥–∞—Ü–∏–∏."
AIB_0004_0026,AIB_0004,### **–¶–µ–Ω–∞ –æ–±–ª–∏–≥–∞—Ü–∏–∏**,"–¶–µ–Ω—ã –Ω–∞ –æ–±–ª–∏–≥–∞—Ü–∏–∏ —É–∫–∞–∑–∞–Ω—ã –Ω–µ –≤ —Ä—É–±–ª—è—Ö, –∞ –≤ –ø—Ä–æ—Ü–µ–Ω—Ç–∞—Ö. –†–∞—Å—Å—á–∏—Ç–∞—Ç—å –∏—Ö –æ—á–µ–Ω—å –ø—Ä–æ—Å—Ç–æ: 1000 —Ä—É–±–ª–µ–π ‚Äî —ç—Ç–æ 100%. –ï—Å–ª–∏ —Ü–µ–Ω–∞ –æ–±–ª–∏–≥–∞—Ü–∏–∏ —Å–æ—Å—Ç–∞–≤–ª—è–µ—Ç 99,7%, –≤—ã –∑–∞–ø–ª–∞—Ç–∏—Ç–µ –∑–∞ –Ω–µ—ë 997 —Ä—É–±–ª–µ–π."
AIB_0004_0027,AIB_0004,# **–ö–∞–∫ –∑–∞—Ä–∞–±–æ—Ç–∞—Ç—å –Ω–∞ –æ–±–ª–∏–≥–∞—Ü–∏–∏?**,"–°–∞–º—ã–π –ø—Ä–æ—Å—Ç–æ–π, –Ω–æ –Ω–µ —Å–∞–º—ã–π –≤—ã–≥–æ–¥–Ω—ã–π —Å–ø–æ—Å–æ–± ‚Äî –∑–∞—Ä–∞–±–∞—Ç—ã–≤–∞—Ç—å –Ω–∞ –∫—É–ø–æ–Ω–∞—Ö. –î–æ–ø—É—Å—Ç–∏–º, –≤–ª–∞–¥–µ–ª—å—Ü—É —Å—Ç–∞—Ä—Ç–∞–ø–∞ –Ω—É–∂–Ω–æ 100 000 —Ä—É–±–ª–µ–π –¥–ª—è –¥–æ—Ä–∞–±–æ—Ç–∫–∏ —Å–∞–π—Ç–∞. –û–Ω –≤—ã–ø—É—Å—Ç–∏–ª –∏ –ø—Ä–æ–¥–∞–ª 100 –æ–±–ª–∏–≥–∞—Ü–∏–π –ø–æ 1000 —Ä—É–±–ª–µ–π. –£—Å–ª–æ–≤–∏—è –æ–±–ª–∏–≥–∞—Ü–∏–∏ —Ç–∞–∫–∏–µ:
-
—Å—Ä–æ–∫ –¥–µ–π—Å—Ç–≤–∏—è –æ–±–ª–∏–≥–∞—Ü–∏–∏ ‚Äî 3 –≥–æ–¥–∞,
-
—Å—Ç–∞–≤–∫–∞ –ø–æ –∫—É–ø–æ–Ω—É ‚Äî 8% –≥–æ–¥–æ–≤—ã—Ö,
-
–ø–µ—Ä–∏–æ–¥ –≤—ã–ø–ª–∞—Ç—ã ‚Äî —Ä–∞–∑ –≤ –ø–æ–ª–≥–æ–¥–∞.
–•–æ–∑—è–∏–Ω —Å—Ç–∞—Ä—Ç–∞–ø–∞ —á–µ—Ä–µ–∑ —Ç—Ä–∏ –≥–æ–¥–∞ –≤–µ—Ä–Ω—ë—Ç –≤–ª–∞–¥–µ–ª—å—Ü—É –æ–±–ª–∏–≥–∞—Ü–∏–∏ 1000 —Ä—É–±–ª–µ–π, –∞ –µ—â—ë –±—É–¥–µ—Ç –≤—ã–ø–ª–∞—á–∏–≤–∞—Ç—å –ø–æ 4% –¥–æ–ª–≥–∞ (—ç—Ç–æ 40 —Ä—É–±–ª–µ–π) –∫–∞–∂–¥—ã–µ —à–µ—Å—Ç—å –º–µ—Å—è—Ü–µ–≤. –í—ã –±—É–¥–µ—Ç–µ –ø–æ–ª—É—á–∞—Ç—å –ø–æ 80 —Ä—É–±–ª–µ–π –≤ –≥–æ–¥, –∞ –∑–∞ —Ç—Ä–∏ –≥–æ–¥–∞ –Ω–∞–±–µ–∂–∏—Ç —É–∂–µ 240 —Ä—É–±–ª–µ–π –ø–æ —Ç—ã—Å—è—á–µ—Ä—É–±–ª—ë–≤–æ–π –æ–±–ª–∏–≥–∞—Ü–∏–∏.
–ë–æ–ª–µ–µ –≤—ã–≥–æ–¥–Ω—ã–π, –Ω–æ –∏ –±–æ–ª–µ–µ —Å–ª–æ–∂–Ω—ã–π —Å–ø–æ—Å–æ–± ‚Äî –∑–∞—Ä–∞–±–æ—Ç–∞—Ç—å –Ω–∞ –ø—Ä–æ–¥–∞–∂–µ.
–í–ª–∞–¥–µ–ª–µ—Ü –æ–±–ª–∏–≥–∞—Ü–∏–∏ –Ω–µ –æ–±—è–∑–∞–Ω –¥–æ–∂–∏–¥–∞—Ç—å—Å—è —Å—Ä–æ–∫–∞ –µ—ë –ø–æ–≥–∞—à–µ–Ω–∏—è. –û–Ω –º–æ–∂–µ—Ç –ø—Ä–æ–¥–∞—Ç—å –æ–±–ª–∏–≥–∞—Ü–∏—é –≤ –ª—é–±–æ–π –º–æ–º–µ–Ω—Ç –Ω–∞ –±–∏—Ä–∂–µ. –¢–æ–≥–¥–∞ –æ–Ω –ø–æ–ª—É—á–∏—Ç –æ—Ç –ø–æ–∫—É–ø–∞—Ç–µ–ª—è —Ä—ã–Ω–æ—á–Ω—É—é —Ü–µ–Ω—É –æ–±–ª–∏–≥–∞—Ü–∏–∏ –∏ –Ω–∞–∫–æ–ø–ª–µ–Ω–Ω—ã–π –∫—É–ø–æ–Ω–Ω—ã–π –¥–æ—Ö–æ–¥, –∞ –µ—â—ë –µ–º—É –æ—Å—Ç–∞–Ω—É—Ç—Å—è —É–∂–µ –ø–æ–ª—É—á–µ–Ω–Ω—ã–µ –∫—É–ø–æ–Ω–Ω—ã–µ –≤—ã–ø–ª–∞—Ç—ã.
–û–±–ª–∏–≥–∞—Ü–∏–∏ –Ω–∞ –±–∏—Ä–∂–µ –Ω–µ –≤—Å–µ–≥–¥–∞ —Å—Ç–æ—è—Ç —Ä–æ–≤–Ω–æ 1000 —Ä—É–±–ª–µ–π ‚Äî –∏–∑-–∑–∞ —Å–ø—Ä–æ—Å–∞ –∏ –ø—Ä–µ–¥–ª–æ–∂–µ–Ω–∏—è —Ä—ã–Ω–æ—á–Ω–∞—è —Ü–µ–Ω–∞ –º–æ–∂–µ—Ç –±—ã—Ç—å –º–µ–Ω—å—à–µ –∏–ª–∏ –±–æ–ª—å—à–µ –Ω–æ–º–∏–Ω–∞–ª–∞.
-
**–¶–µ–Ω–∞ –º–µ–Ω—å—à–µ –Ω–æ–º–∏–Ω–∞–ª–∞.** –û–±–ª–∏–≥–∞—Ü–∏—è –Ω–∞ –±–∏—Ä–∂–µ —Å—Ç–æ–∏—Ç 950 —Ä—É–±–ª–µ–π, –Ω–æ –≤ –∫–æ–Ω—Ü–µ —Å—Ä–æ–∫–∞ –ø–æ –Ω–µ–π –±—É–¥–µ—Ç –≤—ã–ø–ª–∞—á–µ–Ω–æ 1000 —Ä—É–±–ª–µ–π. –¢–æ–≥–¥–∞ –≤–∞—à –¥–æ—Ö–æ–¥ –æ—Ç —Å–¥–µ–ª–∫–∏ ‚Äî —ç—Ç–æ 50 —Ä—É–±–ª–µ–π —Ä–∞–∑–Ω–∏—Ü—ã –º–µ–∂–¥—É —Ü–µ–Ω–æ–π –∏ –Ω–æ–º–∏–Ω–∞–ª–æ–º –∏ –µ—â—ë –≤—Å–µ –æ—Å—Ç–∞–≤—à–∏–µ—Å—è –≤—ã–ø–ª–∞—Ç—ã –ø–æ –∫—É–ø–æ–Ω–∞–º.
-
**–¶–µ–Ω–∞ –±–æ–ª—å—à–µ –Ω–æ–º–∏–Ω–∞–ª–∞.** –û–±–ª–∏–≥–∞—Ü–∏—è –Ω–∞ –±–∏—Ä–∂–µ —Å—Ç–æ–∏—Ç 1050 —Ä—É–±–ª–µ–π, –Ω–æ –≤ –∫–æ–Ω—Ü–µ —Å—Ä–æ–∫–∞ —ç–º–∏—Ç–µ–Ω—Ç –≤–µ—Ä–Ω—ë—Ç —Ç–æ–ª—å–∫–æ —Å—É–º–º—É –Ω–æ–º–∏–Ω–∞–ª–∞ ‚Äî 1000 —Ä—É–±–ª–µ–π. –ó–∞—á–µ–º —Ç–∞–∫–æ–µ –ø–æ–∫—É–ø–∞—Ç—å? –¢–æ–ª—å–∫–æ –µ—Å–ª–∏ –æ—Å—Ç–∞–≤—à–∏–µ—Å—è –∫—É–ø–æ–Ω–Ω—ã–µ –≤—ã–ø–ª–∞—Ç—ã –ø–æ –æ–±–ª–∏–≥–∞—Ü–∏–∏ –∫–æ–º–ø–µ–Ω—Å–∏—Ä—É—é—Ç —ç—Ç—É —Ä–∞–∑–Ω–∏—Ü—É."
AIB_0004_0028,AIB_0004,### **–ù–∞–¥—ë–∂–Ω–æ—Å—Ç—å —ç–º–∏—Ç–µ–Ω—Ç–∞**,"–£ –æ–±–ª–∏–≥–∞—Ü–∏–∏ —Ç–æ–∂–µ –µ—Å—Ç—å —Ä–∏—Å–∫–∏ ‚Äî –Ω–∞–ø—Ä–∏–º–µ—Ä, –≤—ã–ø—É—Å—Ç–∏–≤—à–∏–π –µ—ë —ç–º–∏—Ç–µ–Ω—Ç –º–æ–∂–µ—Ç –Ω–µ –∑–∞—Ä–∞–±–æ—Ç–∞—Ç—å –¥–æ—Å—Ç–∞—Ç–æ—á–Ω–æ, —á—Ç–æ–±—ã –≤–µ—Ä–Ω—É—Ç—å –¥–æ–ª–≥. –ü–æ—ç—Ç–æ–º—É –æ–±–ª–∏–≥–∞—Ü–∏–∏ –¥–µ—à–µ–≤–µ—é—Ç, –µ—Å–ª–∏ –ø—Ä–æ–∏—Å—Ö–æ–¥–∏—Ç —á—Ç–æ-—Ç–æ, –ø–ª–æ—Ö–æ –≤–ª–∏—è—é—â–µ–µ –Ω–∞ —Ñ–∏–Ω–∞–Ω—Å–æ–≤–æ–µ –ø–æ–ª–æ–∂–µ–Ω–∏–µ —ç–º–∏—Ç–µ–Ω—Ç–∞. –í—Å–µ –æ–±–ª–∏–≥–∞—Ü–∏–∏ –∏–º–µ—é—Ç —Ä–µ–π—Ç–∏–Ω–≥ –Ω–∞–¥—ë–∂–Ω–æ—Å—Ç–∏, –∫–æ—Ç–æ—Ä—É—é –æ–ø—Ä–µ–¥–µ–ª—è—é—Ç —Ä–µ–π—Ç–∏–Ω–≥–æ–≤—ã–µ –∞–≥–µ–Ω—Ç—Å—Ç–≤–∞, —Ç–∞–∫–∏–µ –∫–∞–∫ ¬´–≠–∫—Å–ø–µ—Ä—Ç –†–ê¬ª –∏–ª–∏ –ê–ö–†–ê.
–°–∞–º—ã–µ –Ω–∞–¥—ë–∂–Ω—ã–µ –æ–±–ª–∏–≥–∞—Ü–∏–∏ ‚Äî –≥–æ—Å—É–¥–∞—Ä—Å—Ç–≤–µ–Ω–Ω—ã–µ, —Ç–∞–∫ –∫–∞–∫ —Ä–∏—Å–∫ –±–∞–Ω–∫—Ä–æ—Ç—Å—Ç–≤–∞ –≥–æ—Å—É–¥–∞—Ä—Å—Ç–≤–∞ –º–∏–Ω–∏–º–∞–ª–µ–Ω. –í –†–æ—Å—Å–∏–∏ —Ç–∞–∫–∏–µ –æ–±–ª–∏–≥–∞—Ü–∏–∏ –≤—ã–ø—É—Å–∫–∞–µ—Ç, –Ω–∞–ø—Ä–∏–º–µ—Ä, –ú–∏–Ω–∏—Å—Ç–µ—Ä—Å—Ç–≤–æ —Ñ–∏–Ω–∞–Ω—Å–æ–≤ –∏ —Ä–µ–≥–∏–æ–Ω—ã. –û–§–ó ‚Äî –æ–±–ª–∏–≥–∞—Ü–∏–∏ —Ñ–µ–¥–µ—Ä–∞–ª—å–Ω–æ–≥–æ –∑–∞–π–º–∞ ‚Äî —Å–∞–º—ã–µ –Ω–∞–¥—ë–∂–Ω—ã–µ. –ù–æ —á–µ–º –Ω–∏–∂–µ —Ä–∏—Å–∫, —Ç–µ–º –Ω–∏–∂–µ –∏ –¥–æ—Ö–æ–¥–Ω–æ—Å—Ç—å.
–°–ª–µ–¥—É—é—â–∏–µ –ø–æ –Ω–∞–¥—ë–∂–Ω–æ—Å—Ç–∏ ‚Äî –∫–æ—Ä–ø–æ—Ä–∞—Ç–∏–≤–Ω—ã–µ –æ–±–ª–∏–≥–∞—Ü–∏–∏ –∫—Ä—É–ø–Ω—ã—Ö –∫–æ–º–ø–∞–Ω–∏–π. –ò—Ö –≤—ã–ø—É—Å–∫–∞—é—Ç –∏ –ø—Ä–æ–º—ã—à–ª–µ–Ω–Ω—ã–µ –∫–æ–º–ø–∞–Ω–∏–∏, –∏ –±–∞–Ω–∫–∏, –Ω–∞–ø—Ä–∏–º–µ—Ä, –ê–ª—å—Ñ–∞‚Å†-‚Å†–ë–∞–Ω–∫ –∏ –†–æ—Å–Ω–µ—Ñ—Ç—å. –°—Ç–∞–≤–∫–∞ –∫—É–ø–æ–Ω–∞ –ø–æ –Ω–∏–º –≤—ã—à–µ ‚Äî –ø–æ—Ç–æ–º—É —á—Ç–æ –≤—ã—à–µ –∏ —Ä–∏—Å–∫, —á—Ç–æ —É —ç–º–∏—Ç–µ–Ω—Ç–∞ –Ω–∞—á–Ω—É—Ç—Å—è —Ñ–∏–Ω–∞–Ω—Å–æ–≤—ã–µ –ø—Ä–æ–±–ª–µ–º—ã, –∏ –æ–Ω –Ω–µ —Å–º–æ–∂–µ—Ç —Ä–∞—Å–ø–ª–∞—Ç–∏—Ç—å—Å—è. –•–æ—Ç—è —ç—Ç–æ—Ç —Ä–∏—Å–∫ –Ω–µ–≤–µ–ª–∏–∫, –æ–Ω –≤—Å—ë-—Ç–∞–∫–∏ –µ—Å—Ç—å. –ê –∫–æ—Ä–ø–æ—Ä–∞—Ç–∏–≤–Ω—ã–µ –æ–±–ª–∏–≥–∞—Ü–∏–∏ —Å—Ä–µ–¥–Ω–µ–≥–æ –∏ –º–µ–ª–∫–æ–≥–æ –±–∏–∑–Ω–µ—Å–∞ –Ω–∞–∑—ã–≤–∞—é—Ç—Å—è –≤—ã—Å–æ–∫–æ–¥–æ—Ö–æ–¥–Ω—ã–º–∏: –ø–æ –Ω–∏–º –∏ –¥–æ—Ö–æ–¥, –∏ —Ä–∏—Å–∫ –±–æ–ª–µ–µ –≤—ã—Å–æ–∫–∏–µ, —á–µ–º –≤ –ø—Ä–µ–¥—ã–¥—É—â–∏—Ö —Å–ª—É—á–∞—è—Ö.
‚òùÔ∏è –ï—Å–ª–∏ –∫–æ–º–ø–∞–Ω–∏—è –ø—Ä–µ–¥–ª–∞–≥–∞–µ—Ç –±–æ–ª—å—à–∏–µ –∫—É–ø–æ–Ω—ã, –∏–ª–∏ –µ—ë –æ–±–ª–∏–≥–∞—Ü–∏–∏ —Å–∏–ª—å–Ω–æ –ø–æ–¥–µ—à–µ–≤–µ–ª–∏ ‚Äî –∑–Ω–∞—á–∏—Ç –≤–µ–ª–∏–∫–∏ –∏ —Ä–∏—Å–∫–∏, –∞ –Ω–µ —Ç–æ–ª—å–∫–æ –≤—ã–≥–æ–¥–∞."
AIB_0004_0029,AIB_0004,### **–ö–ª—é—á–µ–≤–∞—è —Å—Ç–∞–≤–∫–∞**,"–ö–ª—é—á–µ–≤–∞—è —Å—Ç–∞–≤–∫–∞ ‚Äî —ç—Ç–æ —Å—Ç–∞–≤–∫–∞ –ø–æ –∫–æ—Ç–æ—Ä–æ–π –¶–ë –¥–∞—ë—Ç –¥–µ–Ω—å–≥–∏ –≤ –¥–æ–ª–≥ –±–∞–Ω–∫–∞–º. –ö–æ–≥–¥–∞ –¶–ë –ø–æ–≤—ã—à–∞–µ—Ç –∫–ª—é—á–µ–≤—É—é —Å—Ç–∞–≤–∫—É, –≤—Å–ª–µ–¥ –∑–∞ –Ω–µ–π —Ä–∞—Å—Ç—É—Ç —Å—Ç–∞–≤–∫–∏ –±–∞–Ω–∫–æ–≤ –ø–æ –∫—Ä–µ–¥–∏—Ç–∞–º –∏ –¥–µ–ø–æ–∑–∏—Ç–∞–º. –¢–æ–≥–¥–∞ –æ–±–ª–∏–≥–∞—Ü–∏–∏ —Å—Ç–∞–Ω–æ–≤—è—Ç—Å—è –º–µ–Ω–µ–µ –≤—ã–≥–æ–¥–Ω—ã –ø–æ —Å—Ä–∞–≤–Ω–µ–Ω–∏—é —Å –¥–µ–ø–æ–∑–∏—Ç–∞–º–∏, —Å–ø—Ä–æ—Å –Ω–∞ –æ–±–ª–∏–≥–∞—Ü–∏–∏ —Å–Ω–∏–∂–∞–µ—Ç—Å—è, –∏ –æ–Ω–∏ –¥–µ—à–µ–≤–µ—é—Ç. –ï—Å–ª–∏ –∂–µ –∫–ª—é—á–µ–≤–∞—è —Å—Ç–∞–≤–∫–∞ —Å–Ω–∏–∂–∞–µ—Ç—Å—è, —Ç–æ –≤—Å—ë –ø—Ä–æ–∏—Å—Ö–æ–¥–∏—Ç –Ω–∞–æ–±–æ—Ä–æ—Ç."
AIB_0005_0030,AIB_0005,–°—Ç–æ–∏—Ç –∫—É–ø–∏—Ç—å –±–∏—Ä–∂–µ–≤—ã–µ —Ñ–æ–Ω–¥—ã?,"–ï—Å–ª–∏ –æ–±–ª–∏–≥–∞—Ü–∏–∏ –∏ –∞–∫—Ü–∏–∏ –∫–∞–∂—É—Ç—Å—è –≤–∞–º —Å–ª–æ–∂–Ω—ã–º–∏ –∏–Ω—Å—Ç—Ä—É–º–µ–Ω—Ç–∞–º–∏, –∞ –∏–Ω–≤–µ—Å—Ç–∏—Ä–æ–≤–∞—Ç—å –≤—Å—ë-—Ç–∞–∫–∏ —Ö–æ—á–µ—Ç—Å—è, –Ω–∞ —Ä—ã–Ω–∫–µ –µ—Å—Ç—å –≥–æ—Ç–æ–≤—ã–µ —Ä–µ—à–µ–Ω–∏—è ‚Äî –ø–∞–µ–≤—ã–µ –∏–Ω–≤–µ—Å—Ç–∏—Ü–∏–æ–Ω–Ω—ã–µ —Ñ–æ–Ω–¥—ã [(–ü–ò–§)](https://alfabank.ru/make-money/investments/pifs/). –û–Ω–∏ –ø–æ—Ö–æ–∂–∏ –Ω–∞ –Ω–∞–±–æ—Ä—ã —Ü–µ–Ω–Ω—ã—Ö –±—É–º–∞–≥, –∞ —Å–æ–±–∏—Ä–∞—é—Ç –∏—Ö –ø—Ä–æ—Ñ–µ—Å—Å–∏–æ–Ω–∞–ª—ã ‚Äî —É–ø—Ä–∞–≤–ª—è—é—â–∏–µ –∫–æ–º–ø–∞–Ω–∏–∏. –ß—Ç–æ–±—ã —É–ø—Ä–∞–≤–ª—è—é—â–∞—è –∫–æ–º–ø–∞–Ω–∏—è –º–æ–≥–ª–∞ —Å–æ–∑–¥–∞–≤–∞—Ç—å —Ñ–æ–Ω–¥—ã, —É –Ω–µ—ë —Ç–æ–∂–µ –¥–æ–ª–∂–Ω–∞ –±—ã—Ç—å –ª–∏—Ü–µ–Ω–∑–∏—è –¶–µ–Ω—Ç—Ä–∞–ª—å–Ω–æ–≥–æ –ë–∞–Ω–∫–∞.
–†–∞–±–æ—Ç–∞–µ—Ç —ç—Ç–æ –ø—Ä–∏–º–µ—Ä–Ω–æ —Ç–∞–∫: —É–ø—Ä–∞–≤–ª—è—é—â–∞—è –∫–æ–º–ø–∞–Ω–∏—è –ø–æ–∫—É–ø–∞–µ—Ç –≤ —Å–≤–æ–π —Ñ–æ–Ω–¥ –∞–∫—Ü–∏–∏ –∫–æ–º–ø–∞–Ω–∏–π, –Ω–∞–ø—Ä–∏–º–µ—Ä, —Ç–µ—Ö–Ω–æ–ª–æ–≥–∏—á–µ—Å–∫–æ–≥–æ —Å–µ–∫—Ç–æ—Ä–∞ –∏ –Ω–∞–∑—ã–≤–∞–µ—Ç —ç—Ç–æ—Ç —Ñ–æ–Ω–¥ ¬´–ü–æ—Ä—Ç—Ñ–µ–ª—å —Ç–µ—Ö–Ω–æ–ª–æ–≥–∏–π¬ª. –î–∞–ª–µ–µ —É–ø—Ä–∞–≤–ª—è—é—â–∞—è –ø—Ä–æ–¥–∞—ë—Ç –ø–∞–∏ (–∞–∫—Ü–∏–∏ —Ñ–æ–Ω–¥–∞) –∏–Ω–≤–µ—Å—Ç–æ—Ä–∞–º –Ω–∞–ø—Ä—è–º—É—é –∏–ª–∏ —Ä–∞–∑–º–µ—â–∞–µ—Ç –Ω–∞ –±–∏—Ä–∂–µ, –µ—Å–ª–∏ —ç—Ç–æ –±–∏—Ä–∂–µ–≤–æ–π —Ñ–æ–Ω–¥."
AIB_0005_0031,AIB_0005,# **–ö–∞–∫–∏–µ –±—ã–≤–∞—é—Ç —Ñ–æ–Ω–¥—ã?**,"–§–æ–Ω–¥–æ–≤ –Ω–∞ —Ä—ã–Ω–∫–µ –º–Ω–æ–≥–æ –∏ –≤—Å–µ –æ–Ω–∏ —Å–æ–±–∏—Ä–∞—é—Ç—Å—è –ø–æ –∫—Ä–∏—Ç–µ—Ä–∏—è–º, –∫–æ—Ç–æ—Ä—ã–µ –≤—ã–±—Ä–∞–ª–∞ —É–ø—Ä–∞–≤–ª—è—é—â–∞—è –∫–æ–º–ø–∞–Ω–∏—è. –ù–∞–ø—Ä–∏–º–µ—Ä, –Ω–µ–∫–æ—Ç–æ—Ä—ã–µ —Ñ–æ–Ω–¥—ã —Å–æ–±–∏—Ä–∞—é—Ç—Å—è –∏–∑ –±—É–º–∞–≥ –æ–ø—Ä–µ–¥–µ–ª—ë–Ω–Ω–æ–π –æ—Ç—Ä–∞—Å–ª–∏ ‚Äî —Ç–µ—Ö–Ω–æ–ª–æ–≥–∏–∏, –ø—Ä–æ–º—ã—à–ª–µ–Ω–Ω–æ—Å—Ç—å, –±–∞–Ω–∫–æ–≤—Å–∫–∏–π —Å–µ–∫—Ç–æ—Ä –∏ —Ç. –¥. –î—Ä—É–≥–∏–µ —Ñ–æ–Ω–¥—ã –∏–Ω–≤–µ—Å—Ç–∏—Ä—É—é—Ç –≤ —Ü–µ–ª—ã–µ —ç–∫–æ–Ω–æ–º–∏–∫–∏: –†–æ—Å—Å–∏—è, –°–®–ê –∏–ª–∏ –ö–∏—Ç–∞–π. –ï—â—ë –µ—Å—Ç—å —Ñ–æ–Ω–¥—ã, —Å–æ–¥–µ—Ä–∂–∏–º–æ–µ –∫–æ—Ç–æ—Ä—ã—Ö –ø–æ–≤—Ç–æ—Ä—è–µ—Ç –±–∏—Ä–∂–µ–≤–æ–π –∏–Ω–¥–µ–∫—Å –∫–∞–∫–æ–π-—Ç–æ —Å—Ç—Ä–∞–Ω—ã –∏–ª–∏ –æ—Ç—Ä–∞—Å–ª–∏, –∏ —Ç–æ–≥–¥–∞ —Ü–µ–Ω–∞ –ø–∞—è –º–µ–Ω—è–µ—Ç—Å—è –≤—Å–ª–µ–¥ –∑–∞ –∏–Ω–¥–µ–∫—Å–æ–º.
–ò–Ω–¥–µ–∫—Å—ã —Ä–∞—Å—Å—á–∏—Ç—ã–≤–∞—é—Ç—Å—è –ø–æ –∫–æ—Ç–∏—Ä–æ–≤–∫–∞–º –∫—Ä—É–ø–Ω—ã—Ö –∫–æ–º–ø–∞–Ω–∏–π, –æ—Ç—Ä–∞–∂–∞—é—â–∏—Ö —Å–æ—Å—Ç–æ—è–Ω–∏–µ —ç–∫–æ–Ω–æ–º–∏–∫–∏ —Å—Ç—Ä–∞–Ω—ã, –∏–ª–∏ –ø–æ –∫–æ–º–ø–∞–Ω–∏—è–º –æ—Ç–¥–µ–ª—å–Ω—ã—Ö –æ—Ç—Ä–∞—Å–ª–µ–π.
–ù–∞–ø—Ä–∏–º–µ—Ä, –≤ –∏–Ω–¥–µ–∫—Å S&P 500 –≤—Ö–æ–¥—è—Ç 500 –∫—Ä—É–ø–Ω–µ–π—à–∏—Ö –∫–æ–º–ø–∞–Ω–∏–π –∞–º–µ—Ä–∏–∫–∞–Ω—Å–∫–æ–≥–æ —Ä—ã–Ω–∫–∞, –∞ —Å—Ç–∞—Ä–µ–π—à–∏–π –∏–Ω–¥–µ–∫—Å Dow Jones Industrial –≤–∫–ª—é—á–∞–µ—Ç 30 –∫—Ä—É–ø–Ω–µ–π—à–∏—Ö –ø—Ä–æ–º—ã—à–ª–µ–Ω–Ω—ã—Ö –∫–æ–º–ø–∞–Ω–∏–π.
–ï—Å—Ç—å –∏–Ω–¥–µ–∫—Å—ã, –∫–æ—Ç–æ—Ä—ã–µ —Ä–∞—Å—Å—á–∏—Ç—ã–≤–∞—é—Ç—Å—è –Ω–∞ –±–∞–∑–µ –∫–æ—Ç–∏—Ä–æ–≤–æ–∫ –æ—Å–Ω–æ–≤–Ω—ã—Ö –∞–∫—Ü–∏–π –Ω–∞ –∫–∞–∫–æ–π-–ª–∏–±–æ –±–∏—Ä–∂–µ, –∫–∞–∫ –Ω–∞–ø—Ä–∏–º–µ—Ä, –∞–º–µ—Ä–∏–∫–∞–Ω—Å–∫–∏–π Nasdaq Composite –∏–ª–∏ –∏–Ω–¥–µ–∫—Å –ú–æ—Å–∫–æ–≤—Å–∫–æ–π –±–∏—Ä–∂–∏ MOEX.
–ê–∫—Ç–∏–≤—ã, –∫–æ—Ç–æ—Ä—ã–µ –º–æ–∂–µ—Ç –ø—Ä–∏–æ–±—Ä–µ—Ç–∞—Ç—å —Ñ–æ–Ω–¥, –ø–µ—Ä–µ—á–∏—Å–ª–µ–Ω—ã –≤ –µ–≥–æ –∏–Ω–≤–µ—Å—Ç–∏—Ü–∏–æ–Ω–Ω–æ–π –¥–µ–∫–ª–∞—Ä–∞—Ü–∏–∏."
AIB_0005_0032,AIB_0005,# **–ö–∞–∫ –∑–∞—Ä–∞–±–æ—Ç–∞—Ç—å –Ω–∞ —Ñ–æ–Ω–¥–∞—Ö?**,"–ò–Ω–≤–µ—Å—Ç–∏—Ü–∏–∏ –≤ —Ñ–æ–Ω–¥ –ø—Ä–∏–Ω–æ—Å—è—Ç –ø—Ä–∏–±—ã–ª—å –±–ª–∞–≥–æ–¥–∞—Ä—è —Ä–æ—Å—Ç—É —Å—Ç–æ–∏–º–æ—Å—Ç–∏ –ø–∞—è. –£–ø—Ä–∞–≤–ª—è—é—â–∏–µ –∫–æ–º–ø–∞–Ω–∏–∏ –µ–∂–µ–¥–Ω–µ–≤–Ω–æ —Ä–∞—Å—Å—á–∏—Ç—ã–≤–∞—é—Ç —Ü–µ–Ω—É –ø–∞—è –ø–æ –∫–æ—Ç–∏—Ä–æ–≤–∫–∞–º –±—É–º–∞–≥ —Ñ–æ–Ω–¥–∞ –∏ –¥–∞—é—Ç –≤–æ–∑–º–æ–∂–Ω–æ—Å—Ç—å –∫—É–ø–∏—Ç—å –∏–ª–∏ –ø—Ä–æ–¥–∞—Ç—å –ø–∞–π –ø–æ —ç—Ç–æ–π —Ü–µ–Ω–µ, –æ—Å—Ç–∞–≤–ª—è—è —Å–µ–±–µ –∫–æ–º–∏—Å—Å–∏—é.
‚òùÔ∏è –ù–æ –µ—Å–ª–∏ –£–ö —Ä–∞–∑–º–µ—Å—Ç–∏–ª–∞ –ø–∞–∏ —Ñ–æ–Ω–¥–∞ –Ω–∞ –±–∏—Ä–∂–µ, –∏—Ö –º–æ–∂–Ω–æ –∫—É–ø–∏—Ç—å –∏–ª–∏ –ø—Ä–æ–¥–∞—Ç—å –≤ –ª—é–±–æ–π –º–æ–º–µ–Ω—Ç —É–∂–µ –ø–æ –±–∏—Ä–∂–µ–≤–æ–π —Ü–µ–Ω–µ. –¢–∞–∫–∏–µ —Ñ–æ–Ω–¥—ã –Ω–∞–∑—ã–≤–∞—é—Ç—Å—è –±–∏—Ä–∂–µ–≤—ã–º–∏ –ø–∞–µ–≤—ã–º–∏ —Ñ–æ–Ω–¥–∞–º–∏ (–ë–ü–ò–§)."
AIB_0005_0033,AIB_0005,# **–ß—Ç–æ –≤–ª–∏—è–µ—Ç –Ω–∞ —Ü–µ–Ω—É –ø–∞—è?**,"–ï—Å–ª–∏ –≤–∫–ª—é—á—ë–Ω–Ω—ã–µ –≤ —Ñ–æ–Ω–¥ —Ü–µ–Ω–Ω—ã–µ –±—É–º–∞–≥–∏ —Ä–∞—Å—Ç—É—Ç –≤ —Ü–µ–Ω–µ ‚Äî —Ñ–æ–Ω–¥ –±–æ–≥–∞—Ç–µ–µ—Ç, –∞ –ø–∞–π –¥–æ—Ä–æ–∂–∞–µ—Ç. –ê –µ—Å–ª–∏ –∫–æ—Ç–∏—Ä–æ–≤–∫–∏ –±—É–º–∞–≥ –ø–∞–¥–∞—é—Ç, —Ç–æ —Å–Ω–∏–∂–∞–µ—Ç—Å—è –∏ —Ü–µ–Ω–∞ –ø–∞—è. –ù–æ –∫–∞–∫ –ø—Ä–∞–≤–∏–ª–æ, –ø–∞–¥–µ–Ω–∏–µ –æ–¥–Ω–∏—Ö –∫–æ—Ç–∏—Ä–æ–≤–æ–∫ –∫–æ–º–ø–µ–Ω—Å–∏—Ä—É–µ—Ç—Å—è —Ä–æ—Å—Ç–æ–º –¥—Ä—É–≥–∏—Ö –±—É–º–∞–≥ —Ñ–æ–Ω–¥–∞. –ê —É–ø—Ä–∞–≤–ª—è—é—â–∏–µ –∫–æ—Ä—Ä–µ–∫—Ç–∏—Ä—É—é—Ç –≤–ª–æ–∂–µ–Ω–∏—è —Ñ–æ–Ω–¥–∞, —á—Ç–æ–±—ã —É–≤–µ–ª–∏—á–∏—Ç—å –µ–≥–æ —Å—Ç–æ–∏–º–æ—Å—Ç—å.
–ù–∞ —Ü–µ–Ω—É –ø–∞—ë–≤ –±–∏—Ä–∂–µ–≤–æ–≥–æ —Ñ–æ–Ω–¥–∞ –≤–ª–∏—è–µ—Ç –µ—â—ë –∏ —Å–ø—Ä–æ—Å, –∏ –ø—Ä–µ–¥–ª–æ–∂–µ–Ω–∏–µ –Ω–∞ —Å–∞–º –ø–∞–π –Ω–∞ –±–∏—Ä–∂–µ. –ù–æ –¥–∞–∂–µ –ø—Ä–∏ –±–∏—Ä–∂–µ–≤—ã—Ö —Å–¥–µ–ª–∫–∞—Ö –∏–Ω–≤–µ—Å—Ç–æ—Ä—ã —Ç–æ–∂–µ —Å–º–æ—Ç—Ä—è—Ç –∏ –Ω–∞ —Ä–∞—Å—á—ë—Ç–Ω—É—é —Ü–µ–Ω—É –ø–∞—è, –æ—Å–Ω–æ–≤–∞–Ω–Ω—É—é –Ω–∞ —Ü–µ–Ω–µ –±—É–º–∞–≥ —Ñ–æ–Ω–¥–∞ (–∑–∞ –Ω–µ–π –º–æ–∂–Ω–æ —Å–ª–µ–¥–∏—Ç—å –Ω–∞ [—Å–∞–π—Ç–µ –ú–æ—Å–±–∏—Ä–∂–∏](https://www.moex.com/ru/index/inav)). –§–æ–Ω–¥—ã –æ–±—ã—á–Ω–æ –Ω–µ –≤—ã–ø–ª–∞—á–∏–≤–∞—é—Ç –¥–∏–≤–∏–¥–µ–Ω–¥—ã –∏ –∫—É–ø–æ–Ω—ã —Å–≤–æ–∏–º –∏–Ω–≤–µ—Å—Ç–æ—Ä–∞–º, –∞ —Ä–µ–∏–Ω–≤–µ—Å—Ç–∏—Ä—É—é—Ç —Å—Ä–µ–¥—Å—Ç–≤–∞ ‚Äî —Ç–æ –µ—Å—Ç—å –ø–æ–∫—É–ø–∞—é—Ç –Ω–∞ –Ω–∏—Ö –µ—â—ë –±–æ–ª—å—à–µ –±—É–º–∞–≥."
AIB_0008_0034,AIB_0008,–ß—Ç–æ –Ω–∞–¥–æ –¥–µ–ª–∞—Ç—å?,"–ï—Å–ª–∏ –≤—ã —É–∂–µ –æ—Ç–∫—Ä—ã–ª–∏ –±—Ä–æ–∫–µ—Ä—Å–∫–∏–π —Å—á—ë—Ç (–ø–æ—á–µ–º—É –æ–Ω –Ω–µ–æ–±—Ö–æ–¥–∏–º –≥–æ–≤–æ—Ä–∏–ª–∏ –Ω–∞ [—à–∞–≥–µ 2](https://alfabank.ru/make-money/investments/learn/mifs/)) –∏ –ø–µ—Ä–µ—á–∏—Å–ª–∏–ª–∏ –Ω–∞ –Ω–µ–≥–æ —Å—É–º–º—É –¥–ª—è –∏–Ω–≤–µ—Å—Ç–∏—Ü–∏–π, –º–æ–∂–Ω–æ –ø—Ä–∏—Å—Ç—É–ø–∞—Ç—å –∫ –ø–æ–ø–æ–ª–Ω–µ–Ω–∏—é —Å–≤–æ–µ–≥–æ –ø–æ—Ä—Ç—Ñ–µ–ª—è.
–° –≤—ã–±–æ—Ä–æ–º –ø–æ–∫—É–ø–æ–∫ –º–æ–≥—É—Ç –ø–æ–º–æ—á—å –≥–æ—Ç–æ–≤—ã–µ —Ü–µ–ª–µ–≤—ã–µ –ø–æ–¥–±–æ—Ä–∫–∏ —Ü–µ–Ω–Ω—ã—Ö –±—É–º–∞–≥, —Å–æ—Å—Ç–∞–≤–ª–µ–Ω–Ω—ã–µ —ç–∫—Å–ø–µ—Ä—Ç–∞–º–∏ –ê–ª—å—Ñ–∞-–ë–∞–Ω–∫–∞. –ê –º–æ–∂–µ—Ç–µ —Å–∞–º–∏ –≤—ã–±—Ä–∞—Ç—å –Ω—É–∂–Ω—É—é —Ü–µ–Ω–Ω—É—é –±—É–º–∞–≥—É –≤ —Ä–∞–∑–¥–µ–ª–µ –†—ã–Ω–∫–∏."
AIB_0008_0035,AIB_0008,# **–ö–∞–∫ —Ä–∞—Å—Å—á–∏—Ç–∞—Ç—å —Å–¥–µ–ª–∫—É?**,"–ü—Ä–∏—Ü–µ–Ω–∏–≤–∞—è—Å—å –∫ –±—É–º–∞–≥–∞–º, –Ω–∞–¥–æ –∏–º–µ—Ç—å –≤ –≤–∏–¥—É, —á—Ç–æ –¥–µ–Ω–µ–≥ –Ω–∞ –ø–æ–∫—É–ø–∫—É –º–æ–∂–µ—Ç –ø–æ–Ω–∞–¥–æ–±–∏—Ç—Å—è –≥–æ—Ä–∞–∑–¥–æ –±–æ–ª—å—à–µ, —á–µ–º —Å—Ç–æ–∏—Ç –æ–¥–Ω–∞ –±—É–º–∞–≥–∞. –ù–µ –≤—Å–µ –∏–∑ –Ω–∏—Ö –ø—Ä–æ–¥–∞—é—Ç—Å—è –ø–æ –æ–¥–Ω–æ–π —à—Ç—É–∫–µ.
–° –≤—ã–±–æ—Ä–æ–º –ø–æ–∫—É–ø–æ–∫ –º–æ–≥—É—Ç –ø–æ–º–æ—á—å –≥–æ—Ç–æ–≤—ã–µ —Ü–µ–ª–µ–≤—ã–µ –ø–æ–¥–±–æ—Ä–∫–∏ —Ü–µ–Ω–Ω—ã—Ö –±—É–º–∞–≥, —Å–æ—Å—Ç–∞–≤–ª–µ–Ω–Ω—ã–µ —ç–∫—Å–ø–µ—Ä—Ç–∞–º–∏ –ê–ª—å—Ñ–∞-–ë–∞–Ω–∫–∞. –ê –º–æ–∂–µ—Ç–µ —Å–∞–º–∏ –≤—ã–±—Ä–∞—Ç—å –Ω—É–∂–Ω—É—é —Ü–µ–Ω–Ω—É—é –±—É–º–∞–≥—É –≤ —Ä–∞–∑–¥–µ–ª–µ –†—ã–Ω–∫–∏.
–í—Å—è —Ç–æ—Ä–≥–æ–≤–ª—è –Ω–∞ –±–∏—Ä–∂–µ –∏–¥–µ—Ç –ª–æ—Ç–∞–º–∏. –õ–æ—Ç ‚Äî —ç—Ç–æ –º–∏–Ω–∏–º–∞–ª—å–Ω–æ–µ –∫–æ–ª–∏—á–µ—Å—Ç–≤–æ —Ü–µ–Ω–Ω—ã—Ö –±—É–º–∞–≥ –∏–ª–∏ –≤–∞–ª—é—Ç—ã, –ø–æ –∫–æ—Ç–æ—Ä–æ–º—É –º–æ–∂–Ω–æ –∑–∞–∫–ª—é—á–∏—Ç—å —Å–¥–µ–ª–∫—É. –õ–æ—Ç—ã –±—ã–≤–∞—é—Ç 1 –∫ 1 ‚Äî –∫–æ–≥–¥–∞ 1 –ª–æ—Ç —Ä–∞–≤–µ–Ω 1 –±—É–º–∞–≥–µ, –∞ –±—ã–≤–∞–µ—Ç, —á—Ç–æ –≤ 1 –ª–æ—Ç–µ ‚Äî 10 000 –∞–∫—Ü–∏–π –∫–∞–∫ —É –í–¢–ë. –ò –µ—Å–ª–∏ –≤ –æ–¥–Ω–æ–º –ª–æ—Ç–µ –∞–∫—Ü–∏–π –í–¢–ë ‚Äî 10 000 –±—É–º–∞–≥, –∫—É–ø–∏—Ç—å —Ç–æ–ª—å–∫–æ 2000 –∏–∑ –Ω–∏—Ö –Ω–∏–∫–∞–∫ –Ω–µ –ø–æ–ª—É—á–∏—Ç—Å—è.
–ö–æ–≥–¥–∞ –≤—ã –≤—ã–±—Ä–∞–ª–∏ –ø–æ–¥—Ö–æ–¥—è—â—É—é –ø–æ —Å—É–º–º–µ –±—É–º–∞–≥—É, –Ω–∞ –Ω–µ—ë –Ω—É–∂–Ω–æ –ø–æ–¥–∞—Ç—å –∑–∞—è–≤–∫—É. –ö–æ—Ç–∏—Ä–æ–≤–∫–∞ –ø–æ–∫–∞–∑—ã–≤–∞–µ—Ç —Å–∞–º—É—é –≤—ã–≥–æ–¥–Ω—É—é —Ü–µ–Ω—É —Å–µ–π—á–∞—Å –Ω–∞ —Ä—ã–Ω–∫–µ, –æ–¥–Ω–∞–∫–æ —Å–¥–µ–ª–∫–∞ –≤ –∏—Ç–æ–≥–µ –º–æ–∂–µ—Ç –æ–±–æ–π—Ç–∏—Å—å –¥–æ—Ä–æ–∂–µ ‚Äî –Ω–µ –ø–æ —á—å–µ–π-—Ç–æ –≤–∏–Ω–µ, –∞ –ø–æ—Ç–æ–º—É —á—Ç–æ —Ç–∞–∫ —É—Å—Ç—Ä–æ–µ–Ω—ã —Ç–æ—Ä–≥–∏.
‚òùÔ∏è–ï—Å–ª–∏ –≤—ã –≤—ã—Å—Ç–∞–≤–ª—è–µ—Ç–µ —Ä—ã–Ω–æ—á–Ω—É—é –∑–∞—è–≤–∫—É, –±–∏—Ä–∂–∞ –∞–≤—Ç–æ–º–∞—Ç–∏—á–µ—Å–∫–∏ –∏—Å–ø–æ–ª–Ω—è–µ—Ç –µ—ë –ø–æ –ª—É—á—à–µ–π —Ü–µ–Ω–µ, –∫–æ—Ç–æ—Ä–∞—è –µ—Å—Ç—å —Å–µ–π—á–∞—Å –Ω–∞ —Ä—ã–Ω–∫–µ. –ù–æ –≤—ã–≥–æ–¥–Ω–æ–µ –ø—Ä–µ–¥–ª–æ–∂–µ–Ω–∏–µ –º–æ–∂–µ—Ç —É–π—Ç–∏ –∑–∞ —Ç–µ —Å–µ–∫—É–Ω–¥—ã, —á—Ç–æ –æ—Ñ–æ—Ä–º–ª—è–µ—Ç—Å—è –≤–∞—à–∞ –∑–∞—è–≤–∫–∞. –¢–æ–≥–¥–∞ –æ–Ω–∞ –≤—ã–ø–æ–ª–Ω–∏—Ç—Å—è –ø–æ –¥—Ä—É–≥–æ–π —Ü–µ–Ω–µ.
–ï—Å–ª–∏ –ª—É—á—à–µ–µ –ø—Ä–µ–¥–ª–æ–∂–µ–Ω–∏–µ –æ–∫–∞–∂–µ—Ç—Å—è –ø–æ –æ–±—ä—ë–º—É –º–µ–Ω—å—à–µ –≤–∞—à–µ–π –∑–∞—è–≤–∫–∏, —Ç–æ –≤ —Å–¥–µ–ª–∫—É –≤–∫–ª—é—á–∞–µ—Ç—Å—è –∏ —Å–ª–µ–¥—É—é—â–µ–µ –ø–æ —Ü–µ–Ω–µ –ø—Ä–µ–¥–ª–æ–∂–µ–Ω–∏–µ, –∏ —Ç–æ, —á—Ç–æ –∑–∞ –Ω–∏–º. –†—ã–Ω–æ—á–Ω–∞—è –∑–∞—è–≤–∫–∞ –±—É–¥–µ—Ç –∏—Å–ø–æ–ª–Ω–µ–Ω–∞ –≤ –ª—é–±–æ–º —Å–ª—É—á–∞–µ –∏ –ø–æ –ª—É—á—à–µ–π –∏–∑ –¥–æ—Å—Ç—É–ø–Ω—ã—Ö —Ü–µ–Ω. –ù–æ –æ–Ω–∞ –º–æ–∂–µ—Ç –æ–∫–∞–∑–∞—Ç—å—Å—è –≤—ã—à–µ, —á–µ–º –≤—ã —Ä–∞—Å—Å—á–∏—Ç—ã–≤–∞–ª–∏.
–ö–æ–≥–¥–∞ –≤—ã —Ç–æ–ª—å–∫–æ –Ω–∞—á–∏–Ω–∞–µ—Ç–µ —Ç–æ—Ä–≥–æ–≤–∞—Ç—å, –Ω–∞ —ç—Ç–æ –º–æ–∂–Ω–æ –Ω–µ –æ–±—Ä–∞—â–∞—Ç—å –≤–Ω–∏–º–∞–Ω–∏–µ, –æ—Å–æ–±–µ–Ω–Ω–æ –µ—Å–ª–∏ –≤—ã–±–∏—Ä–∞–µ—Ç–µ –ª–∏–∫–≤–∏–¥–Ω—ã–µ –±—É–º–∞–≥–∏, –∫–æ—Ç–æ—Ä—ã–º–∏ –∞–∫—Ç–∏–≤–Ω–æ —Ç–æ—Ä–≥—É—é—Ç ‚Äî —Å –Ω–∏–º–∏ –≤–æ–∑–º–æ–∂–Ω–æ–µ –∏–∑–º–µ–Ω–µ–Ω–∏–µ –∏—Ç–æ–≥–æ–≤–æ–π —Ü–µ–Ω—ã —Å–¥–µ–ª–∫–∏ –≤—Ä—è–¥ –ª–∏ –±—É–¥–µ—Ç –±–æ–ª—å—à–∏–º.
–ü–æ—Å–º–æ—Ç—Ä–µ—Ç—å —Ü–µ–Ω—ã –∏ –æ–±—ä—ë–º—ã –ø–æ –≤—ã–±—Ä–∞–Ω–Ω–æ–π –±—É–º–∞–≥–µ, –∫–æ—Ç–æ—Ä—ã–µ –µ—Å—Ç—å —Å–µ–π—á–∞—Å –Ω–∞ –±–∏—Ä–∂–µ, –º–æ–∂–Ω–æ –≤ –±–∏—Ä–∂–µ–≤–æ–º —Å—Ç–∞–∫–∞–Ω–µ –≤ –ø—Ä–∏–ª–æ–∂–µ–Ω–∏–∏ –ê–ª—å—Ñ–∞-–ò–Ω–≤–µ—Å—Ç–∏—Ü–∏–∏."
AIB_0008_0036,AIB_0008,# **–°—Ç–∞–∫–∞–Ω ‚Äî –ø–æ–º–æ—â–Ω–∏–∫ –∏–Ω–≤–µ—Å—Ç–æ—Ä–∞**,"–¢–∞–∫ –Ω–∞–∑—ã–≤–∞–µ—Ç—Å—è —Ç–∞–±–ª–∏—Ü–∞ –ø—Ä–µ–¥–ª–æ–∂–µ–Ω–∏–π –Ω–∞ –ø–æ–∫—É–ø–∫—É –∏ –ø—Ä–æ–¥–∞–∂—É: —Å–≤–µ—Ä—Ö—É —Å—Ç–∞–∫–∞–Ω–∞ —Ä–∞—Å–ø–æ–ª–æ–∂–µ–Ω—ã –ø—Ä–µ–¥–ª–æ–∂–µ–Ω–∏—è –Ω–∞ –ø—Ä–æ–¥–∞–∂—É (–∫—Ä–∞—Å–Ω—ã–µ), —Å–Ω–∏–∑—É ‚Äî —Å–ø—Ä–æ—Å –Ω–∞ –ø–æ–∫—É–ø–∫—É (–∑–µ–ª—ë–Ω—ã–µ). –ü–æ –±–æ–∫–∞–º —Å—Ç–∞–∫–∞–Ω–∞ –≤–∏–¥–Ω–∞ –∏ –≤–µ–ª–∏—á–∏–Ω–∞ –∑–∞—è–≤–∫–∏ ‚Äî —Å–∫–æ–ª—å–∫–æ –±—É–º–∞–≥ –∏–ª–∏ –ª–æ—Ç–æ–≤ –ø—Ä–µ–¥–ª–∞–≥–∞–µ—Ç—Å—è –¥–ª—è —Å–¥–µ–ª–∫–∏. –û–Ω–∞ —É–∫–∞–∑–∞–Ω–∞ –ø–æ –±–æ–∫–∞–º —Å—Ç–∞–∫–∞–Ω–∞.
–î–æ–ø—É—Å—Ç–∏–º, –≤—ã –≤–∏–¥–∏—Ç–µ –∫–æ—Ç–∏—Ä–æ–≤–∫—É –ì–∞–∑–ø—Ä–æ–º–∞ –ø–æ 361,01 —Ä—É–±–ª–µ–π –∏ —Ö–æ—Ç–∏—Ç–µ –∫—É–ø–∏—Ç—å 1000 –ª–æ—Ç–æ–≤. –ù–æ –µ—Å–ª–∏ –∑–∞–≥–ª—è–Ω—É—Ç—å –≤ —Å—Ç–∞–∫–∞–Ω, —Ç–æ –ø–æ–¥—Ö–æ–¥—è—â–∏—Ö –ø—Ä–µ–¥–ª–æ–∂–µ–Ω–∏–π —Ç–∞–º –Ω–µ—Ç ‚Äî –∑–∞—Ç–æ –µ—Å—Ç—å –ø—Ä–µ–¥–ª–æ–∂–µ–Ω–∏–µ –Ω–∞ –ø—Ä–æ–¥–∞–∂—É 55 –ª–æ—Ç–æ–≤, 118 –ª–æ—Ç–æ–≤, 329 –ª–æ—Ç–æ–≤ –∏ —Ç. –¥., –ø—Ä–∏—á—ë–º –ø–æ —Ä–∞–∑–Ω—ã–º —Ü–µ–Ω–∞–º. –ü–æ—ç—Ç–æ–º—É, –µ—Å–ª–∏ –≤—ã –≤—ã—Å—Ç–∞–≤–∏—Ç–µ —Ä—ã–Ω–æ—á–Ω—É—é –∑–∞—è–≤–∫—É –Ω–∞ –ø–æ–∫—É–ø–∫—É —Å—Ä–∞–∑—É 1000 –ª–æ—Ç–æ–≤, —Ç–æ –æ–Ω–∞ –≤—ã–ø–æ–ª–Ω–∏—Ç—Å—è –ø–æ–ª–Ω–æ—Å—Ç—å—é, –Ω–æ –ø–æ —Ä–∞–∑–Ω—ã–º —Ü–µ–Ω–∞–º. –ü–æ–ø–∞—Å—Ç—å –≤ —Å—Ç–∞–∫–∞–Ω –º–æ–∂–Ω–æ —á–µ—Ä–µ–∑ —Ä–∞–∑–¥–µ–ª –†—ã–Ω–∫–∏ ‚Üí –ë—É–º–∞–≥–∞ ‚Üí –°—Ç–∞–∫–∞–Ω:
‚òùÔ∏è –°—Ç–∞–∫–∞–Ω –ø–æ–∫–∞–∂–µ—Ç –≤–∞–º, —Å–∫–æ–ª—å–∫–æ –ª–æ—Ç–æ–≤ –∏ –ø–æ –∫–∞–∫–∏–º —Ü–µ–Ω–∞–º –º–æ–∂–Ω–æ –∫—É–ø–∏—Ç—å. –í—ã –º–æ–∂–µ—Ç–µ –≤—ã—Å—Ç–∞–≤–∏—Ç—å –∑–∞—è–≤–∫—É –Ω–∞ —Ç–æ—Ç –æ–±—ä—ë–º, –∫–æ—Ç–æ—Ä—ã–π —É–∫–ª–∞–¥—ã–≤–∞–µ—Ç—Å—è –≤ –≤–∞—à–µ –ø–æ–Ω–∏–º–∞–Ω–∏–µ —Ä–∞–∑—É–º–Ω–æ–π —Ü–µ–Ω—ã –¥–ª—è –ø–æ–∫—É–ø–∫–∏."
AIB_0008_0037,AIB_0008,# **–ö–∞–∫ –ø–æ—Å—Ç–∞–≤–∏—Ç—å –æ–≥—Ä–∞–Ω–∏—á–µ–Ω–∏—è?**,"–ï—Å—Ç—å –º–µ—Ö–∞–Ω–∏–∑–º, –ø–æ–∑–≤–æ–ª—è—é—â–∏–π –≤—ã—Å—Ç–∞–≤–∏—Ç—å –∑–∞—è–≤–∫—É –Ω–∞ —Å–¥–µ–ª–∫—É –ø–æ —Å–≤–æ–µ–π —Ü–µ–Ω–µ, –∏ –µ—Å–ª–∏ –≤–∞–º –ø–æ–≤–µ–∑—ë—Ç ‚Äî –æ–Ω–∞ –∏—Å–ø–æ–ª–Ω–∏—Ç—Å—è. –≠—Ç–æ ¬´–ª–∏–º–∏—Ç–Ω–∞—è –∑–∞—è–≤–∫–∞¬ª. –ï—ë –≤—ã—Å—Ç–∞–≤–ª—è—é—Ç, —á—Ç–æ–±—ã –∫—É–ø–∏—Ç—å —Ü–µ–Ω–Ω—É—é –±—É–º–∞–≥—É –Ω–µ –¥–æ—Ä–æ–∂–µ (–∏–ª–∏ –ø—Ä–æ–¥–∞—Ç—å –Ω–µ –¥–µ—à–µ–≤–ª–µ) –æ–ø—Ä–µ–¥–µ–ª—ë–Ω–Ω–æ–π —Ü–µ–Ω—ã.
–ù–∞–ø—Ä–∏–º–µ—Ä, –∞–∫—Ü–∏–∏ –ì–∞–∑–ø—Ä–æ–º–∞ —Å–µ–π—á–∞—Å —Å—Ç–æ—è—Ç 360 —Ä—É–±–ª–µ–π, –∞ –≤—ã —Ö–æ—Ç–∏—Ç–µ –∫—É–ø–∏—Ç—å –∏—Ö –Ω–µ –¥–æ—Ä–æ–∂–µ 358 —Ä—É–±–ª–µ–π. –í—ã –º–æ–∂–µ—Ç–µ —Å–∞–º–∏ –ª–æ–≤–∏—Ç—å –º–æ–º–µ–Ω—Ç, –∫–æ–≥–¥–∞ —Ü–µ–Ω–∞ —Å–Ω–∏–∑–∏—Ç—Å—è –¥–æ –Ω—É–∂–Ω–æ–≥–æ —É—Ä–æ–≤–Ω—è, –∞ –º–æ–∂–µ—Ç–µ –≤—ã—Å—Ç–∞–≤–∏—Ç—å –ª–∏–º–∏—Ç–Ω—É—é –∑–∞—è–≤–∫—É ‚Äî –æ–Ω–∞ –∏—Å–ø–æ–ª–Ω–∏—Ç—Å—è –∞–≤—Ç–æ–º–∞—Ç–∏—á–µ—Å–∫–∏, –∫–∞–∫ —Ç–æ–ª—å–∫–æ —Ü–µ–Ω–∞ —Å—Ç–∞–Ω–µ—Ç –ø–æ–¥—Ö–æ–¥—è—â–µ–π.
–õ–∏–º–∏—Ç–Ω–∞—è –∑–∞—è–≤–∫–∞ –Ω–∞ –ø—Ä–æ–¥–∞–∂—É —Ä–∞–±–æ—Ç–∞–µ—Ç —Ç–∞–∫ –∂–µ, –Ω–æ –≤ –æ–±—Ä–∞—Ç–Ω—É—é —Å—Ç–æ—Ä–æ–Ω—É: –±—Ä–æ–∫–µ—Ä –ø—Ä–æ–¥–∞—Å—Ç –≤–∞—à—É —Ü–µ–Ω–Ω—É—é –±—É–º–∞–≥—É –ø–æ –≤–∞—à–µ–π —Ü–µ–Ω–µ –∏–ª–∏ –¥–æ—Ä–æ–∂–µ. –ù–∞ —Å–∫—Ä–∏–Ω—à–æ—Ç–µ –≤–∏–¥–Ω–æ, —á—Ç–æ –º—ã –≤—ã—Å—Ç–∞–≤–∏–ª–∏ —Ü–µ–Ω—É –º–µ–Ω—å—à–µ —Ä—ã–Ω–æ—á–Ω–æ–π:
‚òùÔ∏è –û—Å–æ–±–µ–Ω–Ω–æ—Å—Ç—å –ª–∏–º–∏—Ç–Ω–æ–π –∑–∞—è–≤–∫–∏ –≤ —Ç–æ–º, —á—Ç–æ –æ–Ω–∞ –º–æ–∂–µ—Ç –∏—Å–ø–æ–ª–Ω–∏—Ç—Å—è —á–∞—Å—Ç–∏—á–Ω–æ, –µ—Å–ª–∏ –ø–æ–¥—Ö–æ–¥—è—â–∏—Ö –¥–ª—è —Å–¥–µ–ª–∫–∏ –ø—Ä–µ–¥–ª–æ–∂–µ–Ω–∏–π –Ω–µ —Ö–≤–∞—Ç–∏–ª–æ."
AIB_0008_0038,AIB_0008,# **–ö–∞–∫ —Å–¥–µ–ª–∞—Ç—å –∑–∞—è–≤–∫—É –≤ –ø—Ä–∏–ª–æ–∂–µ–Ω–∏–∏,"–ê–ª—å—Ñ–∞-–ò–Ω–≤–µ—Å—Ç–∏—Ü–∏–∏.**
1. –ó–∞–π–¥–∏—Ç–µ –≤ –†—ã–Ω–∫–∏.
2. –í—ã–±–µ—Ä–∏—Ç–µ –ê–∫—Ü–∏–∏.
3. –ù–∞–∂–º–∏—Ç–µ –Ω–∞ –∞–∫—Ü–∏—é, –∫–æ—Ç–æ—Ä—É—é —Ö–æ—Ç–∏—Ç–µ –∫—É–ø–∏—Ç—å.
4. –ù–∞–∂–º–∏—Ç–µ –ó–∞—è–≤–∫–∞.
5. –í—ã–±–µ—Ä–∏—Ç–µ, —á—Ç–æ —Ö–æ—Ç–∏—Ç–µ —Å–¥–µ–ª–∞—Ç—å —Å –∞–∫—Ü–∏–µ–π ‚Äî –∫—É–ø–∏—Ç—å –∏–ª–∏ –ø—Ä–æ–¥–∞—Ç—å.
6. –í—ã–±–µ—Ä–∏—Ç–µ –¢–∏–ø –∑–∞—è–≤–∫–∏ ‚Äî —Ä—ã–Ω–æ—á–Ω–∞—è –∏–ª–∏ –ª–∏–º–∏—Ç–Ω–∞—è.
7. –£–∫–∞–∂–∏—Ç–µ –∫–æ–ª–∏—á–µ—Å—Ç–≤–æ –ª–æ—Ç–æ–≤ –∏–ª–∏ –±—É–º–∞–≥.
8. –ù–∞–∂–º–∏—Ç–µ –ö—É–ø–∏—Ç—å –∏–ª–∏ –ü—Ä–æ–¥–∞—Ç—å.
–ü–æ—Å–ª–µ —ç—Ç–æ–≥–æ –∑–∞—è–≤–∫–∞ —É—Ö–æ–¥–∏—Ç –Ω–∞ –±–∏—Ä–∂—É. –ö–∞–∫ —Ç–æ–ª—å–∫–æ –æ–Ω–∞ –±—É–¥–µ—Ç –∏—Å–ø–æ–ª–Ω–µ–Ω–∞, –≤—ã –ø–æ–ª—É—á–∏—Ç–µ –ø—É—à-—É–≤–µ–¥–æ–º–ª–µ–Ω–∏–µ. –ü—Ä–æ–≤–µ—Ä–∏—Ç—å –∏—Å–ø–æ–ª–Ω–µ–Ω–∏–µ –∑–∞—è–≤–∫–∏ –º–æ–∂–Ω–æ –≤ —Ä–∞–∑–¥–µ–ª–µ –ü–æ—Ä—Ç—Ñ–µ–ª—å ‚Üí –°–¥–µ–ª–∫–∏."
